date,call
2021-03-05 07:46:16,1
2021-03-05 07:46:39,1
2021-03-05 11:03:13,1
2021-03-05 11:36:03,1
2021-03-05 12:11:17,1
2021-03-05 14:16:55,1
2021-03-05 17:29:37,1
2021-03-05 18:08:21,1
2021-03-06 02:12:10,1
2021-03-06 08:47:31,1
2021-03-06 08:52:10,1
2021-03-06 09:31:10,1
2021-03-06 13:30:31,1
2021-03-06 14:17:54,1
2021-03-06 17:03:28,1
2021-03-06 17:49:41,1
2021-03-06 18:35:41,1
2021-03-06 22:12:13,1
2021-03-06 23:24:43,1
2021-03-06 23:58:47,1
2021-03-07 01:00:02,1
2021-03-07 08:31:01,1
2021-03-07 09:01:21,1
2021-03-07 16:49:12,1
2021-03-07 16:55:17,1
2021-03-07 19:24:26,1
2021-03-08 08:46:57,1
2021-03-08 14:22:12,1
2021-03-08 14:26:42,1
2021-03-08 19:04:03,1
2021-03-08 21:07:59,1
2021-03-08 22:58:48,1
2021-03-09 00:33:50,1
2021-03-09 07:09:26,1
2021-03-09 08:58:02,1
2021-03-09 11:27:55,1
2021-03-09 22:03:47,1
2021-03-09 23:26:51,1
2021-03-09 23:41:44,1
2021-03-10 02:19:12,1
2021-03-10 06:32:33,1
2021-03-10 10:04:54,1
2021-03-10 17:37:21,1
2021-03-10 18:48:19,1
2021-03-10 21:20:43,1
2021-03-11 09:40:52,1
2021-03-11 13:16:37,1
2021-03-11 15:07:34,1
2021-03-11 16:42:24,1
2021-03-11 19:10:07,1
2021-03-11 23:46:45,1
2021-03-12 00:16:47,1
2021-03-12 11:18:57,1
2021-03-12 16:30:44,1
2021-03-12 16:39:12,1
2021-03-12 19:59:10,1
2021-03-13 03:16:24,1
2021-03-13 04:50:45,1
2021-03-13 05:36:56,1
2021-03-13 06:20:45,1
2021-03-13 07:09:50,1
2021-03-13 07:39:06,1
2021-03-13 10:03:08,1
2021-03-13 11:32:30,1
2021-03-13 16:42:16,1
2021-03-13 18:07:19,1
2021-03-13 20:50:03,1
2021-03-13 21:19:06,1
2021-03-13 22:13:35,1
2021-03-13 22:53:46,1
2021-03-14 09:14:09,1
2021-03-14 10:41:56,1
2021-03-14 14:43:17,1
2021-03-14 20:58:47,1
2021-03-14 22:13:14,1
2021-03-15 00:44:39,1
2021-03-15 04:56:48,1
2021-03-15 06:19:29,1
2021-03-15 08:29:29,1
2021-03-15 09:34:43,1
2021-03-15 12:56:06,1
2021-03-15 16:50:37,1
2021-03-15 16:51:20,1
2021-03-15 17:22:47,1
2021-03-16 00:09:49,1
2021-03-16 13:54:46,1
2021-03-16 19:00:33,1
2021-03-16 19:47:26,1
2021-03-17 17:36:14,1
2021-03-17 19:12:29,1
2021-03-17 20:25:33,1
2021-03-18 03:59:13,1
2021-03-18 15:12:12,1
2021-03-18 20:36:57,1
2021-03-18 21:41:40,1
2021-03-19 00:28:56,1
2021-03-19 01:09:50,1
2021-03-19 07:54:24,1
2021-03-19 12:07:50,1
2021-03-19 16:23:34,1
2021-03-19 18:12:17,1
2021-03-20 02:16:51,1
2021-03-20 06:33:33,1
2021-03-20 07:11:42,1
2021-03-20 13:31:20,1
2021-03-20 14:42:58,1
2021-03-20 16:11:51,1
2021-03-20 19:38:54,1
2021-03-20 20:47:49,1
2021-03-20 21:32:17,1
2021-03-20 23:45:30,1
2021-03-21 01:09:52,1
2021-03-21 01:54:39,1
2021-03-21 18:30:12,1
2021-03-21 22:01:15,1
2021-03-22 00:59:25,1
2021-03-22 06:28:48,1
2021-03-22 09:42:14,1
2021-03-22 13:01:37,1
2021-03-22 16:20:20,1
2021-03-22 16:23:31,1
2021-03-22 16:31:43,1
2021-03-22 18:11:15,1
2021-03-22 18:29:02,1
2021-03-22 21:12:34,1
2021-03-22 21:15:32,1
2021-03-22 21:56:43,1
2021-03-22 22:49:40,1
2021-03-23 04:18:31,1
2021-03-23 04:55:10,1
2021-03-23 07:25:34,1
2021-03-23 07:53:53,1
2021-03-23 12:00:57,1
2021-03-23 12:22:57,1
2021-03-23 12:45:37,1
2021-03-23 16:40:44,1
2021-03-23 18:47:31,1
2021-03-23 18:55:41,1
2021-03-24 10:16:47,1
2021-03-24 12:08:04,1
2021-03-24 12:17:51,1
2021-03-24 14:16:01,1
2021-03-24 17:36:53,1
2021-03-24 18:14:01,1
2021-03-24 18:17:31,1
2021-03-24 18:45:21,1
2021-03-25 20:20:08,1
2021-03-26 11:34:31,1
2021-03-26 15:03:02,1
2021-03-26 19:29:15,1
2021-03-26 19:30:10,1
2021-03-26 19:40:00,1
2021-03-26 22:31:00,1
2021-03-26 23:02:04,1
2021-03-27 10:56:16,1
2021-03-27 11:00:59,1
2021-03-27 12:34:39,1
2021-03-27 12:52:07,1
2021-03-27 15:44:13,1
2021-03-27 16:00:51,1
2021-03-27 18:28:50,1
2021-03-27 20:23:43,1
2021-03-27 22:36:48,1
2021-03-28 00:22:26,1
2021-03-28 00:22:30,1
2021-03-28 08:55:01,1
2021-03-28 14:29:42,1
2021-03-28 16:31:56,1
2021-03-29 19:02:25,1
2021-03-29 19:36:46,1
2021-03-29 20:32:44,1
2021-03-29 23:22:55,1
2021-03-29 23:31:57,1
2021-03-30 06:16:22,1
2021-03-30 12:02:11,1
2021-03-30 15:50:28,1
2021-03-30 17:51:01,1
2021-03-30 18:44:04,1
2021-03-30 19:05:28,1
2021-03-30 20:19:27,1
2021-03-30 20:22:00,1
2021-03-31 01:13:06,1
2021-03-31 03:18:08,1
2021-03-31 08:09:27,1
2021-03-31 09:22:28,1
2021-03-31 13:44:50,1
2021-03-31 18:28:00,1
2021-03-31 22:06:11,1
2021-03-31 22:26:26,1
2021-04-01 01:40:02,1
2021-04-01 09:04:25,1
2021-04-01 15:23:34,1
2021-04-01 16:42:33,1
2021-04-01 17:30:59,1
2021-04-02 04:42:39,1
2021-04-02 10:05:56,1
2021-04-02 10:11:56,1
2021-04-02 17:51:06,1
2021-04-02 20:26:08,1
2021-04-02 21:24:33,1
2021-04-02 21:42:03,1
2021-04-02 21:52:23,1
2021-04-02 22:19:16,1
2021-04-03 00:17:10,1
2021-04-03 02:34:10,1
2021-04-03 09:30:11,1
2021-04-03 13:17:15,1
2021-04-03 15:08:28,1
2021-04-03 16:29:36,1
2021-04-03 18:29:02,1
2021-04-04 12:27:26,1
2021-04-04 16:44:32,1
2021-04-05 13:47:45,1
2021-04-05 20:59:21,1
2021-04-05 22:03:30,1
2021-04-06 00:35:08,1
2021-04-06 02:23:12,1
2021-04-06 04:46:27,1
2021-04-06 07:49:21,1
2021-04-06 10:28:14,1
2021-04-06 15:30:37,1
2021-04-06 20:58:37,1
2021-04-06 23:28:18,1
2021-04-06 23:37:39,1
2021-04-07 06:46:21,1
2021-04-07 07:01:28,1
2021-04-07 08:02:16,1
2021-04-07 08:20:21,1
2021-04-07 08:30:05,1
2021-04-07 09:25:34,1
2021-04-07 09:32:40,1
2021-04-07 10:10:02,1
2021-04-07 10:35:06,1
2021-04-07 14:38:55,1
2021-04-07 15:31:18,1
2021-04-07 20:18:16,1
2021-04-08 01:07:07,1
2021-04-08 03:58:52,1
2021-04-08 04:19:22,1
2021-04-08 08:00:41,1
2021-04-08 14:54:53,1
2021-04-08 17:25:29,1
2021-04-08 18:44:02,1
2021-04-08 22:02:38,1
2021-04-09 00:32:25,1
2021-04-09 02:10:50,1
2021-04-09 09:01:09,1
2021-04-09 10:38:11,1
2021-04-09 13:44:17,1
2021-04-09 17:19:51,1
2021-04-09 21:28:19,1
2021-04-09 23:14:25,1
2021-04-10 00:57:44,1
2021-04-10 09:56:03,1
2021-04-10 10:42:50,1
2021-04-10 12:23:41,1
2021-04-10 14:10:35,1
2021-04-10 14:25:56,1
2021-04-10 14:42:14,1
2021-04-10 17:58:26,1
2021-04-10 19:08:09,1
2021-04-10 20:09:58,1
2021-04-10 21:16:34,1
2021-04-10 21:53:17,1
2021-04-11 01:23:43,1
2021-04-11 03:35:34,1
2021-04-11 05:06:30,1
2021-04-11 09:10:33,1
2021-04-11 14:56:35,1
2021-04-11 15:19:31,1
2021-04-11 23:30:01,1
2021-04-12 00:54:56,1
2021-04-12 10:22:37,1
2021-04-12 10:40:02,1
2021-04-12 11:43:25,1
2021-04-12 15:30:30,1
2021-04-12 16:54:55,1
2021-04-12 23:22:33,1
2021-04-13 01:25:21,1
2021-04-13 03:04:14,1
2021-04-13 04:53:37,1
2021-04-13 15:25:52,1
2021-04-13 22:22:17,1
2021-04-13 23:58:23,1
2021-04-14 04:34:12,1
2021-04-14 08:12:37,1
2021-04-14 12:19:05,1
2021-04-14 21:32:56,1
2021-04-15 00:53:50,1
2021-04-15 07:47:32,1
2021-04-15 09:12:55,1
2021-04-15 15:15:38,1
2021-04-15 19:57:20,1
2021-04-15 21:22:42,1
2021-04-16 07:42:19,1
2021-04-16 08:26:11,1
2021-04-16 11:28:15,1
2021-04-16 15:20:25,1
2021-04-17 00:37:27,1
2021-04-17 00:56:57,1
2021-04-17 09:32:20,1
2021-04-17 10:55:13,1
2021-04-17 17:03:51,1
2021-04-17 17:46:32,1
2021-04-18 00:02:51,1
2021-04-18 10:45:18,1
2021-04-18 15:40:11,1
2021-04-18 15:43:18,1
2021-04-18 19:19:46,1
2021-04-18 19:35:39,1
2021-04-19 12:44:48,1
2021-04-19 18:25:44,1
2021-04-19 19:31:29,1
2021-04-20 09:21:09,1
2021-04-20 17:58:18,1
2021-04-20 18:15:20,1
2021-04-20 19:01:08,1
2021-04-21 05:29:20,1
2021-04-21 10:24:41,1
2021-04-21 16:15:30,1
2021-04-21 21:57:53,1
2021-04-22 00:55:02,1
2021-04-22 02:35:25,1
2021-04-22 12:35:54,1
2021-04-22 13:56:20,1
2021-04-22 15:42:06,1
2021-04-22 16:53:25,1
2021-04-22 18:58:05,1
2021-04-23 07:12:32,1
2021-04-23 07:14:55,1
2021-04-23 08:29:23,1
2021-04-23 10:37:10,1
2021-04-23 12:54:57,1
2021-04-23 20:07:03,1
2021-04-24 03:55:34,1
2021-04-24 04:15:02,1
2021-04-24 04:33:58,1
2021-04-24 07:41:53,1
2021-04-24 11:51:10,1
2021-04-24 12:06:15,1
2021-04-24 12:16:53,1
2021-04-24 12:34:50,1
2021-04-24 22:28:12,1
2021-04-24 22:34:09,1
2021-04-25 00:10:42,1
2021-04-25 13:20:41,1
2021-04-25 18:18:53,1
2021-04-25 19:19:58,1
2021-04-25 19:44:21,1
2021-04-25 20:59:59,1
2021-04-25 21:38:17,1
2021-04-26 03:18:13,1
2021-04-26 12:47:15,1
2021-04-26 13:13:50,1
2021-04-27 00:49:27,1
2021-04-27 05:40:29,1
2021-04-27 10:40:25,1
2021-04-27 12:05:26,1
2021-04-27 12:09:54,1
2021-04-27 12:16:05,1
2021-04-27 12:26:17,1
2021-04-27 14:13:24,1
2021-04-27 16:02:55,1
2021-04-27 21:30:27,1
2021-04-28 08:22:20,1
2021-04-28 12:46:14,1
2021-04-28 14:17:57,1
2021-04-28 15:37:07,1
2021-04-28 19:15:58,1
2021-04-28 21:24:54,1
2021-04-28 23:05:46,1
2021-04-29 08:19:36,1
2021-04-29 11:30:45,1
2021-04-29 12:04:24,1
2021-04-29 12:59:25,1
2021-04-29 16:46:36,1
2021-04-29 21:16:42,1
2021-04-30 00:10:09,1
2021-04-30 12:05:00,1
2021-04-30 18:13:06,1
2021-04-30 18:19:47,1
2021-04-30 19:04:45,1
2021-04-30 20:53:39,1
2021-04-30 22:27:44,1
2021-05-01 05:30:46,1
2021-05-01 10:43:16,1
2021-05-01 15:56:15,1
2021-05-01 17:55:32,1
2021-05-01 23:22:02,1
2021-05-02 10:50:48,1
2021-05-02 12:38:48,1
2021-05-03 01:02:24,1
2021-05-03 07:08:23,1
2021-05-03 15:38:44,1
2021-05-03 21:33:28,1
2021-05-03 22:01:29,1
2021-05-03 22:50:01,1
2021-05-04 07:14:00,1
2021-05-04 13:36:29,1
2021-05-04 15:42:31,1
2021-05-04 18:43:50,1
2021-05-04 22:33:59,1
2021-05-05 04:18:35,1
2021-05-05 09:58:18,1
2021-05-05 13:08:21,1
2021-05-05 14:31:39,1
2021-05-05 21:11:02,1
2021-05-06 00:13:58,1
2021-05-06 00:25:38,1
2021-05-06 00:47:51,1
2021-05-06 05:09:29,1
2021-05-06 09:54:16,1
2021-05-06 15:45:09,1
2021-05-06 21:39:47,1
2021-05-07 07:31:33,1
2021-05-07 10:51:41,1
2021-05-07 11:52:18,1
2021-05-08 01:16:09,1
2021-05-08 09:14:28,1
2021-05-08 16:24:29,1
2021-05-08 20:10:14,1
2021-05-09 06:04:56,1
2021-05-09 10:30:07,1
2021-05-09 12:22:11,1
2021-05-09 14:14:19,1
2021-05-09 14:33:19,1
2021-05-09 15:05:54,1
2021-05-09 16:22:06,1
2021-05-09 17:06:08,1
2021-05-09 18:31:19,1
2021-05-09 21:43:23,1
2021-05-09 21:54:36,1
2021-05-09 21:59:18,1
2021-05-09 22:11:13,1
2021-05-09 22:25:29,1
2021-05-09 22:37:37,1
2021-05-09 22:38:10,1
2021-05-10 01:14:47,1
2021-05-10 14:36:04,1
2021-05-10 15:22:20,1
2021-05-10 16:19:19,1
2021-05-10 16:37:38,1
2021-05-10 21:40:43,1
2021-05-10 22:25:57,1
2021-05-11 09:20:57,1
2021-05-11 09:39:38,1
2021-05-11 13:55:39,1
2021-05-11 14:05:12,1
2021-05-11 14:57:05,1
2021-05-11 15:41:09,1
2021-05-11 16:25:30,1
2021-05-11 16:45:11,1
2021-05-11 16:59:22,1
2021-05-11 17:21:41,1
2021-05-11 17:40:48,1
2021-05-11 17:50:49,1
2021-05-11 18:09:56,1
2021-05-11 18:25:10,1
2021-05-11 18:26:33,1
2021-05-11 19:04:49,1
2021-05-12 11:49:17,1
2021-05-12 18:31:27,1
2021-05-12 18:48:12,1
2021-05-12 19:35:42,1
2021-05-13 01:35:33,1
2021-05-13 03:30:28,1
2021-05-13 12:48:51,1
2021-05-13 14:38:58,1
2021-05-13 15:02:59,1
2021-05-13 15:21:32,1
2021-05-13 18:19:44,1
2021-05-13 18:24:55,1
2021-05-13 18:41:04,1
2021-05-13 19:19:14,1
2021-05-13 19:44:23,1
2021-05-13 21:02:25,1
2021-05-13 21:56:18,1
2021-05-13 22:02:29,1
2021-05-13 23:35:12,1
2021-05-14 08:55:31,1
2021-05-14 17:17:32,1
2021-05-14 19:11:30,1
2021-05-14 19:25:43,1
2021-05-14 21:08:19,1
2021-05-14 22:49:27,1
2021-05-14 23:11:58,1
2021-05-15 00:38:34,1
2021-05-15 06:06:20,1
2021-05-15 08:54:46,1
2021-05-15 11:06:55,1
2021-05-15 11:19:46,1
2021-05-15 11:48:33,1
2021-05-15 13:01:43,1
2021-05-15 13:30:07,1
2021-05-15 14:08:39,1
2021-05-15 17:45:00,1
2021-05-15 18:02:41,1
2021-05-15 19:04:58,1
2021-05-15 20:33:00,1
2021-05-15 20:54:18,1
2021-05-16 00:08:51,1
2021-05-16 04:02:47,1
2021-05-16 07:46:32,1
2021-05-16 09:35:42,1
2021-05-16 10:25:40,1
2021-05-16 13:42:51,1
2021-05-16 15:20:40,1
2021-05-16 18:38:54,1
2021-05-16 20:35:10,1
2021-05-16 20:55:16,1
2021-05-16 22:25:37,1
2021-05-17 00:19:31,1
2021-05-17 03:54:43,1
2021-05-17 07:13:36,1
2021-05-17 09:45:41,1
2021-05-17 11:12:22,1
2021-05-17 11:37:18,1
2021-05-17 11:41:39,1
2021-05-17 13:17:45,1
2021-05-17 13:44:51,1
2021-05-17 15:26:02,1
2021-05-17 15:40:27,1
2021-05-17 16:33:45,1
2021-05-17 18:39:38,1
2021-05-18 05:47:50,1
2021-05-18 09:01:15,1
2021-05-18 10:04:43,1
2021-05-18 11:47:11,1
2021-05-18 13:32:48,1
2021-05-18 15:51:32,1
2021-05-18 17:35:58,1
2021-05-18 21:27:00,1
2021-05-19 03:00:30,1
2021-05-19 08:47:07,1
2021-05-19 09:50:22,1
2021-05-19 10:00:10,1
2021-05-19 11:18:14,1
2021-05-19 12:47:27,1
2021-05-19 14:49:14,1
2021-05-19 16:53:48,1
2021-05-19 18:29:54,1
2021-05-19 19:11:29,1
2021-05-19 19:50:36,1
2021-05-19 21:42:13,1
2021-05-20 10:16:38,1
2021-05-20 14:58:07,1
2021-05-20 20:07:16,1
2021-05-20 22:24:14,1
2021-05-20 23:45:54,1
2021-05-21 09:49:16,1
2021-05-21 10:26:58,1
2021-05-21 12:34:36,1
2021-05-21 13:36:26,1
2021-05-21 14:00:23,1
2021-05-21 16:03:15,1
2021-05-21 17:18:40,1
2021-05-21 17:42:23,1
2021-05-21 21:05:08,1
2021-05-21 22:24:48,1
2021-05-22 02:37:12,1
2021-05-22 02:41:25,1
2021-05-22 04:18:54,1
2021-05-22 05:20:03,1
2021-05-22 05:59:54,1
2021-05-22 08:47:05,1
2021-05-22 08:55:39,1
2021-05-22 09:04:03,1
2021-05-22 11:09:39,1
2021-05-22 11:21:04,1
2021-05-22 11:57:52,1
2021-05-22 12:24:19,1
2021-05-22 12:46:58,1
2021-05-23 03:28:02,1
2021-05-23 12:55:16,1
2021-05-23 16:02:16,1
2021-05-23 20:18:36,1
2021-05-23 20:52:16,1
2021-05-23 21:47:58,1
2021-05-23 21:48:28,1
2021-05-23 22:14:38,1
2021-05-23 22:41:37,1
2021-05-24 01:29:27,1
2021-05-24 01:34:52,1
2021-05-24 04:50:54,1
2021-05-24 09:41:56,1
2021-05-24 13:32:13,1
2021-05-24 15:29:20,1
2021-05-24 16:51:10,1
2021-05-24 18:22:47,1
2021-05-24 22:08:02,1
2021-05-25 09:46:52,1
2021-05-25 19:13:15,1
2021-05-25 22:31:11,1
2021-05-26 01:54:58,1
2021-05-26 02:05:13,1
2021-05-26 02:41:27,1
2021-05-26 03:02:47,1
2021-05-26 10:59:06,1
2021-05-26 12:20:31,1
2021-05-26 17:04:07,1
2021-05-26 17:52:57,1
2021-05-26 21:50:37,1
2021-05-26 21:51:37,1
2021-05-26 22:37:24,1
2021-05-27 01:40:54,1
2021-05-27 03:49:19,1
2021-05-27 07:08:09,1
2021-05-27 12:22:30,1
2021-05-27 15:19:29,1
2021-05-27 23:28:03,1
2021-05-28 09:24:05,1
2021-05-28 13:51:45,1
2021-05-28 16:04:11,1
2021-05-28 19:37:42,1
2021-05-28 20:03:02,1
2021-05-28 20:42:41,1
2021-05-28 20:53:02,1
2021-05-28 22:30:15,1
2021-05-29 05:30:23,1
2021-05-29 08:59:09,1
2021-05-29 09:26:07,1
2021-05-29 09:26:39,1
2021-05-29 09:47:54,1
2021-05-29 10:55:31,1
2021-05-29 14:03:33,1
2021-05-29 19:07:15,1
2021-05-30 02:06:36,1
2021-05-30 08:01:02,1
2021-05-30 09:54:01,1
2021-05-30 12:54:36,1
2021-05-30 13:21:04,1
2021-05-30 14:03:57,1
2021-05-30 14:17:59,1
2021-05-30 17:32:48,1
2021-05-30 17:38:54,1
2021-05-30 21:34:50,1
2021-05-31 17:54:55,1
2021-05-31 18:40:50,1
2021-05-31 19:18:51,1
2021-05-31 21:00:47,1
2021-06-01 03:38:36,1
2021-06-01 06:53:31,1
2021-06-01 10:31:18,1
2021-06-01 11:29:16,1
2021-06-01 13:30:16,1
2021-06-01 17:04:47,1
2021-06-01 17:56:15,1
2021-06-01 18:38:43,1
2021-06-01 22:24:26,1
2021-06-02 04:59:45,1
2021-06-02 11:24:34,1
2021-06-02 13:02:16,1
2021-06-02 15:14:38,1
2021-06-02 16:23:07,1
2021-06-02 21:17:37,1
2021-06-02 22:39:15,1
2021-06-02 23:16:33,1
2021-06-02 23:46:16,1
2021-06-03 00:29:01,1
2021-06-03 12:35:13,1
2021-06-03 14:58:30,1
2021-06-03 16:21:57,1
2021-06-03 17:16:53,1
2021-06-03 17:33:55,1
2021-06-03 18:16:29,1
2021-06-03 18:51:02,1
2021-06-03 19:19:27,1
2021-06-03 19:29:51,1
2021-06-03 20:11:29,1
2021-06-03 20:39:15,1
2021-06-03 21:16:46,1
2021-06-03 21:40:32,1
2021-06-04 12:04:52,1
2021-06-04 18:26:30,1
2021-06-04 18:34:43,1
2021-06-04 18:35:43,1
2021-06-04 18:37:26,1
2021-06-04 18:39:21,1
2021-06-04 18:47:56,1
2021-06-04 18:48:51,1
2021-06-04 18:57:43,1
2021-06-04 19:06:17,1
2021-06-04 19:08:24,1
2021-06-04 19:14:56,1
2021-06-04 19:19:39,1
2021-06-04 19:27:26,1
2021-06-04 19:28:28,1
2021-06-04 19:34:17,1
2021-06-04 20:14:30,1
2021-06-04 20:38:39,1
2021-06-04 20:41:21,1
2021-06-04 20:43:51,1
2021-06-04 20:59:32,1
2021-06-04 21:12:34,1
2021-06-04 21:24:19,1
2021-06-04 21:33:11,1
2021-06-04 21:46:22,1
2021-06-04 22:02:51,1
2021-06-04 22:13:49,1
2021-06-04 23:25:06,1
2021-06-05 01:18:08,1
2021-06-05 02:13:43,1
2021-06-05 03:38:55,1
2021-06-05 04:39:19,1
2021-06-05 05:46:49,1
2021-06-05 06:29:19,1
2021-06-05 07:14:57,1
2021-06-05 07:20:32,1
2021-06-05 07:45:42,1
2021-06-05 08:32:12,1
2021-06-05 08:34:32,1
2021-06-05 08:41:18,1
2021-06-05 08:57:44,1
2021-06-05 09:08:02,1
2021-06-05 09:15:40,1
2021-06-05 09:50:16,1
2021-06-05 10:10:51,1
2021-06-05 10:57:31,1
2021-06-05 11:11:35,1
2021-06-05 11:40:29,1
2021-06-05 12:29:55,1
2021-06-05 13:04:59,1
2021-06-05 13:34:25,1
2021-06-05 14:10:46,1
2021-06-05 14:27:50,1
2021-06-05 15:49:16,1
2021-06-05 16:49:23,1
2021-06-05 17:43:03,1
2021-06-05 19:00:50,1
2021-06-05 21:09:07,1
2021-06-05 22:39:22,1
2021-06-06 00:33:58,1
2021-06-06 06:44:21,1
2021-06-06 09:59:47,1
2021-06-06 10:04:34,1
2021-06-06 10:29:36,1
2021-06-06 10:55:08,1
2021-06-06 10:59:30,1
2021-06-06 11:27:57,1
2021-06-06 11:45:19,1
2021-06-06 12:32:16,1
2021-06-06 13:16:33,1
2021-06-06 18:35:44,1
2021-06-06 21:07:01,1
2021-06-06 23:24:33,1
2021-06-07 00:29:23,1
2021-06-07 01:59:52,1
2021-06-07 02:32:42,1
2021-06-07 09:51:23,1
2021-06-07 14:31:19,1
2021-06-07 16:09:17,1
2021-06-07 18:46:21,1
2021-06-07 19:05:56,1
2021-06-07 19:40:05,1
2021-06-07 20:46:28,1
2021-06-07 20:58:58,1
2021-06-07 21:24:51,1
2021-06-07 22:10:25,1
2021-06-07 22:24:36,1
2021-06-08 10:36:14,1
2021-06-08 10:55:20,1
2021-06-08 11:15:57,1
2021-06-08 11:59:56,1
2021-06-08 15:21:35,1
2021-06-08 19:29:50,1
2021-06-08 22:04:36,1
2021-06-09 06:31:08,1
2021-06-09 08:49:29,1
2021-06-09 17:15:33,1
2021-06-09 19:05:01,1
2021-06-09 21:24:48,1
2021-06-10 06:16:37,1
2021-06-10 06:35:00,1
2021-06-10 13:40:39,1
2021-06-10 14:57:49,1
2021-06-10 15:40:12,1
2021-06-10 19:01:10,1
2021-06-11 01:14:55,1
2021-06-11 01:22:31,1
2021-06-11 11:12:37,1
2021-06-11 11:56:03,1
2021-06-11 15:47:11,1
2021-06-11 19:38:26,1
2021-06-11 21:23:51,1
2021-06-11 22:07:23,1
2021-06-11 23:31:36,1
2021-06-11 23:54:38,1
2021-06-12 00:08:02,1
2021-06-12 00:24:49,1
2021-06-12 02:31:08,1
2021-06-12 03:01:38,1
2021-06-12 09:07:59,1
2021-06-12 09:43:53,1
2021-06-12 11:34:42,1
2021-06-12 13:37:46,1
2021-06-12 15:04:20,1
2021-06-12 15:43:18,1
2021-06-12 16:30:41,1
2021-06-12 16:50:54,1
2021-06-12 19:23:57,1
2021-06-12 21:08:59,1
2021-06-12 21:38:48,1
2021-06-12 21:59:11,1
2021-06-12 23:17:43,1
2021-06-13 08:07:43,1
2021-06-13 12:58:15,1
2021-06-13 19:38:14,1
2021-06-13 21:12:18,1
2021-06-13 21:44:08,1
2021-06-13 22:21:51,1
2021-06-14 12:44:58,1
2021-06-14 16:04:01,1
2021-06-14 17:23:56,1
2021-06-14 19:57:49,1
2021-06-14 22:06:47,1
2021-06-15 01:26:36,1
2021-06-15 08:42:20,1
2021-06-15 11:52:25,1
2021-06-15 17:12:09,1
2021-06-15 18:19:48,1
2021-06-15 18:38:37,1
2021-06-15 19:06:02,1
2021-06-15 19:45:00,1
2021-06-15 20:02:02,1
2021-06-15 21:15:33,1
2021-06-16 00:08:07,1
2021-06-16 00:27:36,1
2021-06-16 01:24:41,1
2021-06-16 11:52:53,1
2021-06-16 12:17:00,1
2021-06-16 14:56:51,1
2021-06-16 15:46:44,1
2021-06-16 19:30:20,1
2021-06-16 20:01:13,1
2021-06-16 20:16:22,1
2021-06-16 20:47:16,1
2021-06-16 21:09:35,1
2021-06-16 21:45:50,1
2021-06-16 21:53:05,1
2021-06-17 05:22:05,1
2021-06-17 05:39:11,1
2021-06-17 09:04:04,1
2021-06-17 19:14:27,1
2021-06-17 19:58:35,1
2021-06-17 19:59:51,1
2021-06-17 22:53:48,1
2021-06-17 23:14:14,1
2021-06-18 01:13:10,1
2021-06-18 02:12:10,1
2021-06-18 03:00:16,1
2021-06-18 05:57:26,1
2021-06-18 06:01:10,1
2021-06-18 06:26:18,1
2021-06-18 06:38:52,1
2021-06-18 07:17:20,1
2021-06-18 07:19:20,1
2021-06-18 08:09:18,1
2021-06-18 08:34:41,1
2021-06-18 09:26:58,1
2021-06-18 10:01:30,1
2021-06-18 10:19:01,1
2021-06-18 12:24:00,1
2021-06-18 14:28:38,1
2021-06-18 16:48:09,1
2021-06-18 16:57:25,1
2021-06-18 17:15:30,1
2021-06-18 17:22:41,1
2021-06-18 17:34:43,1
2021-06-18 17:35:35,1
2021-06-18 17:37:27,1
2021-06-18 17:47:19,1
2021-06-18 17:48:41,1
2021-06-18 17:51:36,1
2021-06-18 17:53:04,1
2021-06-18 17:59:21,1
2021-06-18 17:59:38,1
2021-06-18 18:01:41,1
2021-06-18 18:03:07,1
2021-06-18 18:03:49,1
2021-06-18 18:04:36,1
2021-06-18 18:06:09,1
2021-06-18 18:06:21,1
2021-06-18 18:10:51,1
2021-06-18 18:12:22,1
2021-06-18 18:13:20,1
2021-06-18 18:14:30,1
2021-06-18 18:14:30,1
2021-06-18 18:20:45,1
2021-06-18 18:26:43,1
2021-06-18 18:27:02,1
2021-06-18 18:28:12,1
2021-06-18 18:31:19,1
2021-06-18 18:34:45,1
2021-06-18 18:41:42,1
2021-06-18 18:46:38,1
2021-06-18 18:48:43,1
2021-06-18 18:49:05,1
2021-06-18 18:50:35,1
2021-06-18 18:52:00,1
2021-06-18 18:52:39,1
2021-06-18 18:54:02,1
2021-06-18 18:57:34,1
2021-06-18 18:59:49,1
2021-06-18 19:02:26,1
2021-06-18 19:06:47,1
2021-06-18 19:06:47,1
2021-06-18 19:06:56,1
2021-06-18 19:13:45,1
2021-06-18 19:15:40,1
2021-06-18 19:17:08,1
2021-06-18 19:21:00,1
2021-06-18 19:21:15,1
2021-06-18 19:29:09,1
2021-06-18 19:32:43,1
2021-06-18 19:37:28,1
2021-06-18 19:43:40,1
2021-06-18 19:44:36,1
2021-06-18 19:45:34,1
2021-06-18 19:46:31,1
2021-06-18 19:46:31,1
2021-06-18 19:50:41,1
2021-06-18 19:52:53,1
2021-06-18 19:52:54,1
2021-06-18 19:54:00,1
2021-06-18 19:57:41,1
2021-06-18 19:59:15,1
2021-06-18 20:03:26,1
2021-06-18 20:04:36,1
2021-06-18 20:05:28,1
2021-06-18 20:07:53,1
2021-06-18 20:08:04,1
2021-06-18 20:08:58,1
2021-06-18 20:09:00,1
2021-06-18 20:16:21,1
2021-06-18 20:18:07,1
2021-06-18 20:19:04,1
2021-06-18 20:19:34,1
2021-06-18 20:20:04,1
2021-06-18 20:21:04,1
2021-06-18 20:23:36,1
2021-06-18 20:28:58,1
2021-06-18 20:37:47,1
2021-06-18 20:50:43,1
2021-06-18 20:52:51,1
2021-06-18 21:08:08,1
2021-06-18 21:08:47,1
2021-06-18 21:13:08,1
2021-06-18 21:14:45,1
2021-06-18 21:24:34,1
2021-06-18 21:37:54,1
2021-06-18 21:38:41,1
2021-06-18 21:39:19,1
2021-06-18 21:39:40,1
2021-06-18 21:42:51,1
2021-06-18 21:44:13,1
2021-06-18 21:45:12,1
2021-06-18 21:45:32,1
2021-06-18 21:46:34,1
2021-06-18 21:55:51,1
2021-06-18 21:55:55,1
2021-06-18 22:00:38,1
2021-06-18 22:09:34,1
2021-06-18 22:11:08,1
2021-06-18 22:19:21,1
2021-06-18 22:25:09,1
2021-06-18 22:30:00,1
2021-06-18 22:42:06,1
2021-06-18 22:45:25,1
2021-06-18 22:51:08,1
2021-06-18 22:55:04,1
2021-06-18 23:31:34,1
2021-06-18 23:40:32,1
2021-06-19 00:06:04,1
2021-06-19 00:06:17,1
2021-06-19 00:13:23,1
2021-06-19 00:32:12,1
2021-06-19 00:39:06,1
2021-06-19 02:19:27,1
2021-06-19 04:40:21,1
2021-06-19 05:06:23,1
2021-06-19 05:54:51,1
2021-06-19 07:06:06,1
2021-06-19 08:23:01,1
2021-06-19 09:10:54,1
2021-06-19 10:45:06,1
2021-06-19 11:34:09,1
2021-06-19 11:38:59,1
2021-06-19 11:50:31,1
2021-06-19 12:52:39,1
2021-06-19 13:34:23,1
2021-06-19 13:39:12,1
2021-06-19 14:33:55,1
2021-06-19 16:51:39,1
2021-06-19 18:27:29,1
2021-06-19 19:31:26,1
2021-06-19 19:40:56,1
2021-06-20 00:04:02,1
2021-06-20 00:05:30,1
2021-06-20 00:11:43,1
2021-06-20 00:16:56,1
2021-06-20 00:18:50,1
2021-06-20 00:19:39,1
2021-06-20 00:24:45,1
2021-06-20 00:27:24,1
2021-06-20 00:37:05,1
2021-06-20 00:38:02,1
2021-06-20 00:46:43,1
2021-06-20 00:47:28,1
2021-06-20 00:47:35,1
2021-06-20 00:50:24,1
2021-06-20 00:53:11,1
2021-06-20 00:58:28,1
2021-06-20 01:02:45,1
2021-06-20 01:05:54,1
2021-06-20 01:11:18,1
2021-06-20 01:15:34,1
2021-06-20 01:16:35,1
2021-06-20 01:17:06,1
2021-06-20 01:18:17,1
2021-06-20 01:18:20,1
2021-06-20 01:19:37,1
2021-06-20 01:21:24,1
2021-06-20 01:23:09,1
2021-06-20 01:25:11,1
2021-06-20 01:30:52,1
2021-06-20 01:31:49,1
2021-06-20 01:35:28,1
2021-06-20 01:47:58,1
2021-06-20 01:51:32,1
2021-06-20 01:54:15,1
2021-06-20 01:54:43,1
2021-06-20 01:55:07,1
2021-06-20 01:55:49,1
2021-06-20 01:55:50,1
2021-06-20 01:58:32,1
2021-06-20 01:58:41,1
2021-06-20 01:58:45,1
2021-06-20 01:58:56,1
2021-06-20 01:59:49,1
2021-06-20 02:00:19,1
2021-06-20 02:02:39,1
2021-06-20 02:05:32,1
2021-06-20 02:07:41,1
2021-06-20 02:07:58,1
2021-06-20 02:09:58,1
2021-06-20 02:12:06,1
2021-06-20 02:14:41,1
2021-06-20 02:15:36,1
2021-06-20 02:16:09,1
2021-06-20 02:16:22,1
2021-06-20 02:19:45,1
2021-06-20 02:23:16,1
2021-06-20 02:23:52,1
2021-06-20 02:24:17,1
2021-06-20 02:25:49,1
2021-06-20 02:26:37,1
2021-06-20 02:27:09,1
2021-06-20 02:29:04,1
2021-06-20 02:42:36,1
2021-06-20 02:50:36,1
2021-06-20 02:54:32,1
2021-06-20 02:54:51,1
2021-06-20 02:55:15,1
2021-06-20 02:58:24,1
2021-06-20 02:59:58,1
2021-06-20 03:00:39,1
2021-06-20 03:07:58,1
2021-06-20 03:08:17,1
2021-06-20 03:12:31,1
2021-06-20 03:12:58,1
2021-06-20 03:14:58,1
2021-06-20 03:15:45,1
2021-06-20 03:17:11,1
2021-06-20 03:21:02,1
2021-06-20 03:22:15,1
2021-06-20 03:22:30,1
2021-06-20 03:28:41,1
2021-06-20 03:37:19,1
2021-06-20 03:39:43,1
2021-06-20 03:42:22,1
2021-06-20 03:42:56,1
2021-06-20 03:44:26,1
2021-06-20 03:52:45,1
2021-06-20 03:54:47,1
2021-06-20 03:56:02,1
2021-06-20 03:58:00,1
2021-06-20 04:04:26,1
2021-06-20 04:07:17,1
2021-06-20 04:10:06,1
2021-06-20 04:11:36,1
2021-06-20 04:20:43,1
2021-06-20 04:29:54,1
2021-06-20 04:35:07,1
2021-06-20 04:51:15,1
2021-06-20 05:07:19,1
2021-06-20 05:21:11,1
2021-06-20 05:22:15,1
2021-06-20 05:22:32,1
2021-06-20 05:48:45,1
2021-06-20 05:55:41,1
2021-06-20 06:13:10,1
2021-06-20 06:13:11,1
2021-06-20 06:13:23,1
2021-06-20 06:47:06,1
2021-06-20 06:55:55,1
2021-06-20 07:08:39,1
2021-06-20 07:09:53,1
2021-06-20 07:10:02,1
2021-06-20 07:37:43,1
2021-06-20 07:40:06,1
2021-06-20 07:51:06,1
2021-06-20 08:22:43,1
2021-06-20 08:39:40,1
2021-06-20 08:40:47,1
2021-06-20 08:45:25,1
2021-06-20 08:55:45,1
2021-06-20 09:08:42,1
2021-06-20 09:17:27,1
2021-06-20 09:24:40,1
2021-06-20 09:45:03,1
2021-06-20 10:06:17,1
2021-06-20 10:36:38,1
2021-06-20 10:37:23,1
2021-06-20 10:38:57,1
2021-06-20 10:40:27,1
2021-06-20 10:40:51,1
2021-06-20 10:41:38,1
2021-06-20 10:50:49,1
2021-06-20 10:57:01,1
2021-06-20 11:02:23,1
2021-06-20 11:15:34,1
2021-06-20 11:26:30,1
2021-06-20 11:35:10,1
2021-06-20 11:36:42,1
2021-06-20 11:46:25,1
2021-06-20 11:49:06,1
2021-06-20 11:56:44,1
2021-06-20 11:59:15,1
2021-06-20 12:23:29,1
2021-06-20 12:41:27,1
2021-06-20 12:50:08,1
2021-06-20 13:04:12,1
2021-06-20 13:32:14,1
2021-06-20 14:07:46,1
2021-06-20 15:22:46,1
2021-06-20 15:24:34,1
2021-06-20 16:18:53,1
2021-06-20 16:52:01,1
2021-06-20 16:54:05,1
2021-06-20 18:27:10,1
2021-06-20 19:18:29,1
2021-06-20 19:27:03,1
2021-06-20 21:39:35,1
2021-06-20 22:14:55,1
2021-06-21 01:59:41,1
2021-06-21 05:04:27,1
2021-06-21 06:37:31,1
2021-06-21 06:54:54,1
2021-06-21 08:04:17,1
2021-06-21 08:04:24,1
2021-06-21 08:53:01,1
2021-06-21 10:10:30,1
2021-06-21 10:20:48,1
2021-06-21 10:33:26,1
2021-06-21 11:20:26,1
2021-06-21 11:49:08,1
2021-06-21 12:01:30,1
2021-06-21 13:30:06,1
2021-06-21 13:51:43,1
2021-06-21 13:57:49,1
2021-06-21 14:16:47,1
2021-06-21 14:17:41,1
2021-06-21 14:35:47,1
2021-06-21 18:37:53,1
2021-06-21 20:37:10,1
2021-06-21 21:34:27,1
2021-06-22 02:27:59,1
2021-06-22 09:40:54,1
2021-06-22 13:49:04,1
2021-06-22 13:49:43,1
2021-06-22 13:57:56,1
2021-06-22 14:13:24,1
2021-06-22 14:56:07,1
2021-06-22 17:37:11,1
2021-06-22 18:28:52,1
2021-06-22 18:45:24,1
2021-06-22 21:37:49,1
2021-06-23 03:18:43,1
2021-06-23 13:20:59,1
2021-06-23 14:30:25,1
2021-06-23 16:21:14,1
2021-06-23 17:54:20,1
2021-06-23 18:50:31,1
2021-06-23 20:14:29,1
2021-06-24 07:28:47,1
2021-06-24 08:25:22,1
2021-06-24 10:59:45,1
2021-06-24 12:50:58,1
2021-06-25 04:59:40,1
2021-06-25 10:19:00,1
2021-06-25 15:17:10,1
2021-06-25 19:24:19,1
2021-06-25 20:55:11,1
2021-06-26 01:24:21,1
2021-06-26 12:32:09,1
2021-06-26 15:51:58,1
2021-06-26 16:55:24,1
2021-06-26 17:05:20,1
2021-06-26 17:08:41,1
2021-06-26 17:21:44,1
2021-06-26 17:27:28,1
2021-06-26 17:42:54,1
2021-06-26 17:51:27,1
2021-06-26 18:23:22,1
2021-06-26 18:44:05,1
2021-06-26 18:49:27,1
2021-06-26 19:37:36,1
2021-06-26 19:45:31,1
2021-06-26 21:20:11,1
2021-06-26 23:29:21,1
2021-06-27 00:13:50,1
2021-06-27 09:22:30,1
2021-06-27 09:35:53,1
2021-06-27 10:46:53,1
2021-06-27 11:39:29,1
2021-06-27 15:36:49,1
2021-06-27 17:02:53,1
2021-06-27 17:03:33,1
2021-06-27 17:38:51,1
2021-06-27 17:44:41,1
2021-06-27 18:01:31,1
2021-06-27 18:04:08,1
2021-06-27 18:07:10,1
2021-06-27 18:40:42,1
2021-06-27 18:51:16,1
2021-06-27 19:32:25,1
2021-06-27 19:40:12,1
2021-06-27 20:03:42,1
2021-06-27 20:48:10,1
2021-06-27 20:59:10,1
2021-06-27 21:03:42,1
2021-06-27 21:06:42,1
2021-06-27 21:09:30,1
2021-06-27 21:09:33,1
2021-06-27 21:11:09,1
2021-06-27 21:19:40,1
2021-06-27 21:21:16,1
2021-06-27 21:38:09,1
2021-06-27 21:54:31,1
2021-06-27 21:55:44,1
2021-06-27 21:58:44,1
2021-06-27 22:07:24,1
2021-06-27 22:41:12,1
2021-06-28 00:06:28,1
2021-06-28 01:50:07,1
2021-06-28 04:21:46,1
2021-06-28 12:02:52,1
2021-06-28 12:03:28,1
2021-06-28 12:45:41,1
2021-06-28 14:26:26,1
2021-06-28 14:51:56,1
2021-06-28 15:23:38,1
2021-06-28 16:55:19,1
2021-06-28 17:03:26,1
2021-06-28 18:08:32,1
2021-06-28 18:09:58,1
2021-06-28 18:31:58,1
2021-06-28 18:41:06,1
2021-06-28 20:14:58,1
2021-06-28 20:24:45,1
2021-06-28 21:01:06,1
2021-06-28 21:02:17,1
2021-06-28 21:13:02,1
2021-06-28 21:33:02,1
2021-06-29 01:51:38,1
2021-06-29 01:54:46,1
2021-06-29 01:55:36,1
2021-06-29 01:56:57,1
2021-06-29 02:03:12,1
2021-06-29 02:04:04,1
2021-06-29 02:06:14,1
2021-06-29 02:06:15,1
2021-06-29 02:10:31,1
2021-06-29 02:11:04,1
2021-06-29 02:18:30,1
2021-06-29 02:24:29,1
2021-06-29 02:33:12,1
2021-06-29 02:40:53,1
2021-06-29 02:42:44,1
2021-06-29 02:44:12,1
2021-06-29 02:47:10,1
2021-06-29 03:26:12,1
2021-06-29 08:07:21,1
2021-06-29 08:39:27,1
2021-06-29 10:26:22,1
2021-06-29 10:43:22,1
2021-06-29 10:55:22,1
2021-06-29 11:15:46,1
2021-06-29 12:33:50,1
2021-06-29 13:28:33,1
2021-06-29 14:45:05,1
2021-06-29 16:48:47,1
2021-06-29 18:05:01,1
2021-06-29 18:14:24,1
2021-06-29 18:22:24,1
2021-06-29 18:25:28,1
2021-06-29 18:29:22,1
2021-06-29 19:24:13,1
2021-06-29 19:32:15,1
2021-06-29 19:40:54,1
2021-06-29 19:50:22,1
2021-06-29 19:53:28,1
2021-06-29 19:53:52,1
2021-06-29 19:54:07,1
2021-06-29 19:56:30,1
2021-06-29 19:59:13,1
2021-06-29 20:04:15,1
2021-06-29 20:18:32,1
2021-06-29 20:28:40,1
2021-06-29 20:33:41,1
2021-06-29 20:37:52,1
2021-06-29 21:23:45,1
2021-06-29 21:58:56,1
2021-06-29 22:55:13,1
2021-06-29 23:35:53,1
2021-06-30 00:04:41,1
2021-06-30 00:23:45,1
2021-06-30 00:29:09,1
2021-06-30 01:16:32,1
2021-06-30 01:45:15,1
2021-06-30 03:55:00,1
2021-06-30 05:41:47,1
2021-06-30 06:01:28,1
2021-06-30 06:36:58,1
2021-06-30 07:20:51,1
2021-06-30 07:36:30,1
2021-06-30 08:09:58,1
2021-06-30 08:46:47,1
2021-06-30 09:00:27,1
2021-06-30 09:49:01,1
2021-06-30 10:28:59,1
2021-06-30 12:11:21,1
2021-06-30 13:50:53,1
2021-06-30 15:37:13,1
2021-06-30 17:54:45,1
2021-06-30 18:14:46,1
2021-06-30 18:21:33,1
2021-06-30 18:26:03,1
2021-06-30 18:44:01,1
2021-06-30 19:58:46,1
2021-06-30 21:50:12,1
2021-06-30 22:12:59,1
2021-06-30 22:45:29,1
2021-06-30 23:18:27,1
2021-07-01 09:45:00,1
2021-07-01 09:50:54,1
2021-07-01 10:00:53,1
2021-07-01 15:06:43,1
2021-07-01 15:15:53,1
2021-07-01 15:57:57,1
2021-07-01 17:08:49,1
2021-07-02 01:13:40,1
2021-07-02 13:36:11,1
2021-07-02 14:39:07,1
2021-07-02 16:40:35,1
2021-07-02 17:56:24,1
2021-07-02 20:14:07,1
2021-07-02 21:44:41,1
2021-07-02 22:07:13,1
2021-07-03 02:05:00,1
2021-07-03 12:28:55,1
2021-07-03 12:35:39,1
2021-07-03 13:41:55,1
2021-07-03 14:21:05,1
2021-07-03 14:51:03,1
2021-07-03 15:35:27,1
2021-07-03 17:15:01,1
2021-07-03 19:24:01,1
2021-07-03 19:55:58,1
2021-07-03 20:25:16,1
2021-07-03 20:40:39,1
2021-07-03 20:41:02,1
2021-07-03 21:00:39,1
2021-07-03 21:04:14,1
2021-07-03 21:05:39,1
2021-07-04 08:19:02,1
2021-07-04 09:48:49,1
2021-07-04 12:00:02,1
2021-07-04 12:27:41,1
2021-07-04 12:33:45,1
2021-07-04 14:22:06,1
2021-07-04 14:41:16,1
2021-07-04 14:49:13,1
2021-07-04 14:51:17,1
2021-07-04 15:33:16,1
2021-07-04 15:34:42,1
2021-07-04 15:48:38,1
2021-07-04 16:05:56,1
2021-07-04 16:15:17,1
2021-07-04 16:24:49,1
2021-07-04 16:32:06,1
2021-07-04 16:40:27,1
2021-07-04 16:43:14,1
2021-07-04 16:51:17,1
2021-07-04 16:53:13,1
2021-07-04 16:58:12,1
2021-07-04 17:02:49,1
2021-07-04 17:03:32,1
2021-07-04 17:04:44,1
2021-07-04 17:13:54,1
2021-07-04 17:16:19,1
2021-07-04 17:17:32,1
2021-07-04 17:22:48,1
2021-07-04 17:26:00,1
2021-07-04 17:28:33,1
2021-07-04 17:28:53,1
2021-07-04 17:32:10,1
2021-07-04 17:33:33,1
2021-07-04 17:46:49,1
2021-07-04 17:51:06,1
2021-07-04 18:01:46,1
2021-07-04 18:01:57,1
2021-07-04 18:07:34,1
2021-07-04 18:08:12,1
2021-07-04 18:12:14,1
2021-07-04 18:13:47,1
2021-07-04 18:15:40,1
2021-07-04 18:18:06,1
2021-07-04 18:19:06,1
2021-07-04 18:19:45,1
2021-07-04 18:20:33,1
2021-07-04 18:20:47,1
2021-07-04 18:21:40,1
2021-07-04 18:22:40,1
2021-07-04 18:25:19,1
2021-07-04 18:26:23,1
2021-07-04 18:27:18,1
2021-07-04 18:36:21,1
2021-07-04 18:39:08,1
2021-07-04 18:40:38,1
2021-07-04 18:41:49,1
2021-07-04 18:47:14,1
2021-07-04 19:09:26,1
2021-07-04 19:13:38,1
2021-07-04 19:31:40,1
2021-07-04 19:33:31,1
2021-07-04 19:53:12,1
2021-07-04 19:53:53,1
2021-07-04 20:16:03,1
2021-07-04 20:23:21,1
2021-07-04 22:49:40,1
2021-07-04 23:14:55,1
2021-07-05 06:14:22,1
2021-07-05 08:26:28,1
2021-07-05 14:08:19,1
2021-07-05 19:00:16,1
2021-07-05 19:41:08,1
2021-07-05 20:38:06,1
2021-07-06 00:36:02,1
2021-07-06 18:07:09,1
2021-07-06 19:45:40,1
2021-07-06 20:04:05,1
2021-07-06 20:08:30,1
2021-07-07 07:48:30,1
2021-07-07 11:54:50,1
2021-07-07 18:40:40,1
2021-07-07 19:07:25,1
2021-07-07 21:50:45,1
2021-07-08 00:05:44,1
2021-07-08 16:13:38,1
2021-07-08 18:32:39,1
2021-07-08 21:20:17,1
2021-07-08 22:21:04,1
2021-07-08 22:32:38,1
2021-07-09 02:49:06,1
2021-07-09 12:21:12,1
2021-07-09 12:33:20,1
2021-07-09 20:12:54,1
2021-07-09 21:10:53,1
2021-07-09 22:29:25,1
2021-07-10 05:06:47,1
2021-07-10 07:52:58,1
2021-07-10 15:01:59,1
2021-07-10 16:32:44,1
2021-07-10 18:40:40,1
2021-07-10 19:21:36,1
2021-07-10 19:54:03,1
2021-07-10 20:30:37,1
2021-07-10 20:44:14,1
2021-07-10 21:34:08,1
2021-07-10 21:34:44,1
2021-07-10 22:40:14,1
2021-07-10 22:59:14,1
2021-07-11 00:02:01,1
2021-07-11 02:11:46,1
2021-07-11 09:46:39,1
2021-07-11 10:48:00,1
2021-07-11 14:21:09,1
2021-07-11 17:24:32,1
2021-07-11 17:44:44,1
2021-07-11 20:09:42,1
2021-07-12 12:29:01,1
2021-07-12 13:30:08,1
2021-07-12 13:39:50,1
2021-07-12 15:47:03,1
2021-07-12 16:47:24,1
2021-07-12 17:19:48,1
2021-07-12 17:29:24,1
2021-07-12 17:32:11,1
2021-07-12 17:44:37,1
2021-07-12 17:45:24,1
2021-07-12 17:50:44,1
2021-07-12 17:56:30,1
2021-07-12 18:04:07,1
2021-07-12 18:24:54,1
2021-07-12 21:07:41,1
2021-07-12 21:11:28,1
2021-07-12 22:53:56,1
2021-07-12 23:54:47,1
2021-07-13 03:51:28,1
2021-07-13 04:37:56,1
2021-07-13 14:23:21,1
2021-07-13 17:04:46,1
2021-07-13 17:40:38,1
2021-07-13 18:17:48,1
2021-07-13 18:35:27,1
2021-07-13 18:57:50,1
2021-07-13 19:22:55,1
2021-07-13 19:25:22,1
2021-07-13 20:53:25,1
2021-07-13 20:58:09,1
2021-07-13 21:22:12,1
2021-07-13 21:54:37,1
2021-07-13 21:59:35,1
2021-07-13 22:58:54,1
2021-07-13 23:13:22,1
2021-07-14 01:01:59,1
2021-07-14 01:55:33,1
2021-07-14 02:22:13,1
2021-07-14 02:27:31,1
2021-07-14 02:48:46,1
2021-07-14 03:00:01,1
2021-07-14 03:44:15,1
2021-07-14 03:49:03,1
2021-07-14 06:12:37,1
2021-07-14 07:38:33,1
2021-07-14 08:42:43,1
2021-07-14 09:43:06,1
2021-07-14 09:43:30,1
2021-07-14 09:48:47,1
2021-07-14 09:58:43,1
2021-07-14 10:00:39,1
2021-07-14 11:39:09,1
2021-07-14 11:51:24,1
2021-07-14 16:13:00,1
2021-07-14 17:13:06,1
2021-07-14 17:57:17,1
2021-07-14 18:08:17,1
2021-07-14 19:14:31,1
2021-07-14 20:11:30,1
2021-07-14 20:15:17,1
2021-07-14 22:26:29,1
2021-07-14 22:52:01,1
2021-07-15 00:34:57,1
2021-07-15 01:18:49,1
2021-07-15 01:36:38,1
2021-07-15 02:19:36,1
2021-07-15 02:45:46,1
2021-07-15 04:03:27,1
2021-07-15 04:42:49,1
2021-07-15 04:51:42,1
2021-07-15 05:17:46,1
2021-07-15 05:47:23,1
2021-07-15 06:32:42,1
2021-07-15 06:51:16,1
2021-07-15 07:01:37,1
2021-07-15 07:09:54,1
2021-07-15 07:19:33,1
2021-07-15 07:26:48,1
2021-07-15 08:03:37,1
2021-07-15 08:17:07,1
2021-07-15 08:24:13,1
2021-07-15 09:02:57,1
2021-07-15 09:08:44,1
2021-07-15 09:17:15,1
2021-07-15 09:23:28,1
2021-07-15 09:29:39,1
2021-07-15 10:10:56,1
2021-07-15 10:20:20,1
2021-07-15 10:35:52,1
2021-07-15 10:51:14,1
2021-07-15 11:18:22,1
2021-07-15 11:45:15,1
2021-07-15 12:42:01,1
2021-07-15 12:46:31,1
2021-07-15 13:29:05,1
2021-07-15 13:37:37,1
2021-07-15 14:16:43,1
2021-07-15 14:34:47,1
2021-07-15 15:27:47,1
2021-07-15 15:40:30,1
2021-07-15 16:14:45,1
2021-07-15 16:39:17,1
2021-07-15 17:14:04,1
2021-07-15 17:14:11,1
2021-07-15 18:19:43,1
2021-07-15 19:56:58,1
2021-07-15 20:40:26,1
2021-07-15 21:01:38,1
2021-07-16 01:45:25,1
2021-07-16 03:08:45,1
2021-07-16 07:51:34,1
2021-07-16 08:02:06,1
2021-07-16 08:02:24,1
2021-07-16 09:44:08,1
2021-07-16 12:14:03,1
2021-07-16 13:13:18,1
2021-07-16 14:47:16,1
2021-07-16 15:47:21,1
2021-07-16 16:03:18,1
2021-07-16 16:19:53,1
2021-07-16 19:22:18,1
2021-07-16 19:30:15,1
2021-07-16 20:00:18,1
2021-07-16 21:58:50,1
2021-07-17 05:33:56,1
2021-07-17 05:47:43,1
2021-07-17 08:49:44,1
2021-07-17 09:39:17,1
2021-07-17 09:58:45,1
2021-07-17 11:57:38,1
2021-07-17 12:59:54,1
2021-07-17 13:02:05,1
2021-07-17 13:32:23,1
2021-07-17 14:32:25,1
2021-07-17 14:57:30,1
2021-07-17 16:42:06,1
2021-07-17 17:06:32,1
2021-07-17 17:58:51,1
2021-07-18 00:27:59,1
2021-07-18 00:51:23,1
2021-07-18 03:15:59,1
2021-07-18 04:26:01,1
2021-07-18 04:55:52,1
2021-07-18 05:40:37,1
2021-07-18 09:54:48,1
2021-07-18 11:30:22,1
2021-07-18 12:23:35,1
2021-07-18 12:51:23,1
2021-07-18 13:37:32,1
2021-07-18 14:32:24,1
2021-07-18 15:05:45,1
2021-07-18 16:50:18,1
2021-07-18 16:54:15,1
2021-07-18 17:20:37,1
2021-07-18 17:44:39,1
2021-07-18 20:19:56,1
2021-07-18 21:35:25,1
2021-07-18 21:58:53,1
2021-07-18 22:02:45,1
2021-07-18 23:15:14,1
2021-07-18 23:57:29,1
2021-07-19 07:54:09,1
2021-07-19 08:14:54,1
2021-07-19 09:32:21,1
2021-07-19 09:35:20,1
2021-07-19 10:09:22,1
2021-07-19 13:55:06,1
2021-07-19 15:54:45,1
2021-07-19 18:55:45,1
2021-07-19 19:19:56,1
2021-07-19 19:26:13,1
2021-07-19 19:48:32,1
2021-07-19 22:44:57,1
2021-07-19 23:14:42,1
2021-07-19 23:54:27,1
2021-07-20 00:19:47,1
2021-07-20 02:47:47,1
2021-07-20 04:14:12,1
2021-07-20 08:48:55,1
2021-07-20 08:49:22,1
2021-07-20 09:02:29,1
2021-07-20 09:02:39,1
2021-07-20 10:44:01,1
2021-07-20 12:00:01,1
2021-07-20 15:47:32,1
2021-07-20 16:08:39,1
2021-07-20 18:18:19,1
2021-07-20 20:00:39,1
2021-07-20 20:46:02,1
2021-07-21 00:58:49,1
2021-07-21 01:58:15,1
2021-07-21 03:13:21,1
2021-07-21 04:57:51,1
2021-07-21 10:45:14,1
2021-07-21 14:02:55,1
2021-07-21 14:50:27,1
2021-07-21 15:29:23,1
2021-07-21 17:10:01,1
2021-07-21 19:03:03,1
2021-07-21 19:06:25,1
2021-07-21 19:29:31,1
2021-07-21 22:18:12,1
2021-07-21 22:33:09,1
2021-07-22 08:06:24,1
2021-07-22 08:59:43,1
2021-07-22 10:10:20,1
2021-07-22 13:55:19,1
2021-07-22 17:08:44,1
2021-07-22 17:42:42,1
2021-07-22 18:03:06,1
2021-07-22 19:18:10,1
2021-07-22 20:45:19,1
2021-07-22 22:15:42,1
2021-07-23 00:44:25,1
2021-07-23 09:08:16,1
2021-07-23 12:40:20,1
2021-07-23 13:11:03,1
2021-07-23 18:01:10,1
2021-07-23 19:55:17,1
2021-07-23 22:09:26,1
2021-07-23 22:48:43,1
2021-07-24 01:37:15,1
2021-07-24 02:41:13,1
2021-07-24 07:33:49,1
2021-07-24 12:45:59,1
2021-07-24 17:55:07,1
2021-07-24 18:19:42,1
2021-07-24 19:15:31,1
2021-07-24 19:37:59,1
2021-07-24 20:00:22,1
2021-07-24 20:02:07,1
2021-07-24 20:06:07,1
2021-07-24 20:15:05,1
2021-07-24 20:37:16,1
2021-07-24 20:39:35,1
2021-07-24 21:19:33,1
2021-07-24 21:31:46,1
2021-07-24 22:14:37,1
2021-07-25 01:31:54,1
2021-07-25 02:26:56,1
2021-07-25 03:37:48,1
2021-07-25 03:49:52,1
2021-07-25 03:50:32,1
2021-07-25 06:06:50,1
2021-07-25 06:37:04,1
2021-07-25 07:08:04,1
2021-07-25 07:11:39,1
2021-07-25 07:11:41,1
2021-07-25 07:18:51,1
2021-07-25 07:20:19,1
2021-07-25 07:20:39,1
2021-07-25 07:27:34,1
2021-07-25 07:44:04,1
2021-07-25 08:07:28,1
2021-07-25 08:15:45,1
2021-07-25 08:39:39,1
2021-07-25 08:55:34,1
2021-07-25 09:18:38,1
2021-07-25 09:33:06,1
2021-07-25 09:59:25,1
2021-07-25 10:07:56,1
2021-07-25 10:21:49,1
2021-07-25 10:26:38,1
2021-07-25 10:56:53,1
2021-07-25 12:24:43,1
2021-07-25 13:12:28,1
2021-07-25 13:57:17,1
2021-07-25 14:03:43,1
2021-07-25 14:08:13,1
2021-07-25 14:11:45,1
2021-07-25 14:22:36,1
2021-07-25 14:29:55,1
2021-07-25 14:42:12,1
2021-07-25 15:37:57,1
2021-07-25 15:57:14,1
2021-07-25 17:14:27,1
2021-07-25 17:14:42,1
2021-07-25 17:24:23,1
2021-07-25 17:26:23,1
2021-07-25 17:44:25,1
2021-07-25 17:55:08,1
2021-07-25 18:36:47,1
2021-07-25 18:37:55,1
2021-07-25 19:24:55,1
2021-07-25 19:33:18,1
2021-07-25 19:42:25,1
2021-07-25 19:55:23,1
2021-07-25 20:54:46,1
2021-07-25 20:57:49,1
2021-07-25 21:24:25,1
2021-07-25 21:48:44,1
2021-07-25 22:13:34,1
2021-07-25 22:17:46,1
2021-07-25 22:28:01,1
2021-07-25 23:32:57,1
2021-07-26 00:31:42,1
2021-07-26 01:22:25,1
2021-07-26 02:55:14,1
2021-07-26 02:57:26,1
2021-07-26 05:37:07,1
2021-07-26 08:52:13,1
2021-07-26 08:55:56,1
2021-07-26 09:00:15,1
2021-07-26 09:02:13,1
2021-07-26 09:05:25,1
2021-07-26 09:05:56,1
2021-07-26 09:11:13,1
2021-07-26 09:14:30,1
2021-07-26 09:16:13,1
2021-07-26 10:20:16,1
2021-07-26 10:23:20,1
2021-07-26 10:58:48,1
2021-07-26 11:39:35,1
2021-07-26 11:49:43,1
2021-07-26 12:15:11,1
2021-07-26 12:34:58,1
2021-07-26 12:35:58,1
2021-07-26 12:43:04,1
2021-07-26 13:13:49,1
2021-07-26 13:16:31,1
2021-07-26 13:17:39,1
2021-07-26 13:20:51,1
2021-07-26 13:40:34,1
2021-07-26 14:23:11,1
2021-07-26 14:40:20,1
2021-07-26 14:46:43,1
2021-07-26 15:00:42,1
2021-07-26 15:02:50,1
2021-07-26 15:16:34,1
2021-07-26 15:25:04,1
2021-07-26 15:31:21,1
2021-07-26 15:33:24,1
2021-07-26 15:34:47,1
2021-07-26 15:49:41,1
2021-07-26 15:50:06,1
2021-07-26 15:55:13,1
2021-07-26 15:55:15,1
2021-07-26 15:55:56,1
2021-07-26 16:12:47,1
2021-07-26 16:19:47,1
2021-07-26 16:26:04,1
2021-07-26 16:37:02,1
2021-07-26 16:47:15,1
2021-07-26 16:52:19,1
2021-07-26 17:03:08,1
2021-07-26 17:15:17,1
2021-07-26 17:30:37,1
2021-07-26 17:37:17,1
2021-07-26 17:51:47,1
2021-07-26 17:58:26,1
2021-07-26 18:02:17,1
2021-07-26 18:18:49,1
2021-07-26 18:21:19,1
2021-07-26 18:33:19,1
2021-07-26 18:43:00,1
2021-07-26 18:48:00,1
2021-07-26 18:53:23,1
2021-07-26 20:30:12,1
2021-07-26 22:42:51,1
2021-07-27 03:01:49,1
2021-07-27 03:38:25,1
2021-07-27 04:35:16,1
2021-07-27 09:06:37,1
2021-07-27 10:01:51,1
2021-07-27 10:02:26,1
2021-07-27 11:55:20,1
2021-07-27 12:32:57,1
2021-07-27 13:09:29,1
2021-07-27 15:54:56,1
2021-07-27 16:07:35,1
2021-07-27 16:32:16,1
2021-07-27 16:36:52,1
2021-07-27 19:14:46,1
2021-07-27 21:10:35,1
2021-07-27 21:26:55,1
2021-07-28 03:43:30,1
2021-07-28 08:23:32,1
2021-07-28 10:00:38,1
2021-07-28 13:14:18,1
2021-07-28 19:49:20,1
2021-07-29 14:04:35,1
2021-07-29 15:08:02,1
2021-07-29 18:55:43,1
2021-07-29 23:02:50,1
2021-07-30 00:43:14,1
2021-07-30 01:11:40,1
2021-07-30 11:05:44,1
2021-07-30 16:34:17,1
2021-07-30 18:21:22,1
2021-07-30 19:30:57,1
2021-07-31 11:23:57,1
2021-07-31 14:08:44,1
2021-07-31 16:25:31,1
2021-07-31 17:39:42,1
2021-07-31 18:46:22,1
2021-07-31 20:18:31,1
2021-08-01 09:52:02,1
2021-08-01 09:54:25,1
2021-08-01 09:56:25,1
2021-08-01 09:59:34,1
2021-08-01 10:19:34,1
2021-08-01 10:20:24,1
2021-08-01 10:47:10,1
2021-08-01 10:59:49,1
2021-08-01 12:33:08,1
2021-08-01 13:00:00,1
2021-08-01 13:51:04,1
2021-08-01 16:32:16,1
2021-08-01 16:52:47,1
2021-08-01 20:58:19,1
2021-08-01 21:26:48,1
2021-08-02 04:05:50,1
2021-08-02 04:40:58,1
2021-08-02 07:40:03,1
2021-08-02 11:31:22,1
2021-08-02 19:22:49,1
2021-08-03 13:57:09,1
2021-08-03 14:03:16,1
2021-08-03 16:41:39,1
2021-08-03 17:18:54,1
2021-08-03 18:37:54,1
2021-08-03 20:20:11,1
2021-08-04 06:02:49,1
2021-08-04 10:03:00,1
2021-08-04 13:51:26,1
2021-08-04 14:19:49,1
2021-08-04 17:21:21,1
2021-08-04 17:46:20,1
2021-08-04 19:42:24,1
2021-08-04 20:23:39,1
2021-08-05 02:07:39,1
2021-08-05 10:14:32,1
2021-08-05 12:38:21,1
2021-08-05 12:52:19,1
2021-08-05 13:23:00,1
2021-08-05 17:50:08,1
2021-08-05 18:10:55,1
2021-08-05 19:41:51,1
2021-08-05 19:48:14,1
2021-08-05 22:05:48,1
2021-08-06 02:06:25,1
2021-08-06 02:42:10,1
2021-08-06 10:33:05,1
2021-08-06 11:25:56,1
2021-08-06 15:50:41,1
2021-08-06 21:07:30,1
2021-08-06 21:51:41,1
2021-08-07 00:18:08,1
2021-08-07 01:22:06,1
2021-08-07 05:58:55,1
2021-08-07 09:28:25,1
2021-08-07 13:29:29,1
2021-08-07 16:27:11,1
2021-08-07 18:14:05,1
2021-08-07 18:36:30,1
2021-08-07 19:27:58,1
2021-08-07 20:35:37,1
2021-08-07 23:40:03,1
2021-08-08 00:06:37,1
2021-08-08 03:19:37,1
2021-08-08 04:08:15,1
2021-08-08 07:01:09,1
2021-08-08 08:26:06,1
2021-08-08 10:07:32,1
2021-08-08 12:56:13,1
2021-08-08 15:23:17,1
2021-08-08 17:42:25,1
2021-08-08 18:43:12,1
2021-08-08 20:56:03,1
2021-08-08 21:09:59,1
2021-08-08 22:06:27,1
2021-08-09 09:26:33,1
2021-08-09 13:01:13,1
2021-08-09 15:48:23,1
2021-08-09 17:39:02,1
2021-08-09 17:44:41,1
2021-08-09 20:35:55,1
2021-08-10 10:59:38,1
2021-08-10 11:53:33,1
2021-08-10 17:15:20,1
2021-08-10 19:10:06,1
2021-08-11 03:28:26,1
2021-08-11 12:03:53,1
2021-08-11 12:32:23,1
2021-08-11 13:13:34,1
2021-08-11 18:13:40,1
2021-08-12 00:03:35,1
2021-08-12 03:09:09,1
2021-08-12 10:18:49,1
2021-08-12 14:09:17,1
2021-08-12 17:20:12,1
2021-08-12 21:56:31,1
2021-08-12 22:25:36,1
2021-08-12 22:33:25,1
2021-08-13 01:26:27,1
2021-08-13 01:38:53,1
2021-08-13 16:50:52,1
2021-08-13 18:31:28,1
2021-08-13 18:34:09,1
2021-08-14 11:15:34,1
2021-08-14 12:26:34,1
2021-08-14 19:43:52,1
2021-08-14 20:03:01,1
2021-08-14 21:27:22,1
2021-08-15 01:22:00,1
2021-08-15 01:35:07,1
2021-08-15 01:42:13,1
2021-08-15 17:42:29,1
2021-08-15 19:49:38,1
2021-08-15 21:39:40,1
2021-08-16 00:32:20,1
2021-08-16 01:01:26,1
2021-08-16 03:00:03,1
2021-08-16 04:01:33,1
2021-08-16 12:22:24,1
2021-08-16 13:05:24,1
2021-08-16 13:14:11,1
2021-08-16 16:00:02,1
2021-08-16 19:59:38,1
2021-08-16 20:14:41,1
2021-08-17 06:41:16,1
2021-08-17 06:47:27,1
2021-08-17 15:52:28,1
2021-08-17 20:17:20,1
2021-08-18 00:53:43,1
2021-08-18 01:17:47,1
2021-08-18 12:26:10,1
2021-08-18 13:27:50,1
2021-08-18 13:42:44,1
2021-08-18 15:40:19,1
2021-08-18 17:37:29,1
2021-08-18 18:34:31,1
2021-08-18 19:01:57,1
2021-08-18 21:15:31,1
2021-08-18 22:46:41,1
2021-08-19 01:34:52,1
2021-08-19 09:01:00,1
2021-08-19 09:48:28,1
2021-08-19 12:03:30,1
2021-08-19 15:43:32,1
2021-08-19 15:50:10,1
2021-08-19 18:28:17,1
2021-08-19 20:51:51,1
2021-08-19 22:27:49,1
2021-08-20 00:49:12,1
2021-08-20 07:36:09,1
2021-08-20 09:20:48,1
2021-08-20 13:21:20,1
2021-08-20 21:59:04,1
2021-08-20 22:41:11,1
2021-08-20 23:49:56,1
2021-08-20 23:53:25,1
2021-08-21 09:01:49,1
2021-08-21 09:06:10,1
2021-08-21 09:11:16,1
2021-08-21 09:28:31,1
2021-08-21 10:37:48,1
2021-08-21 15:39:35,1
2021-08-21 15:56:41,1
2021-08-21 17:52:31,1
2021-08-21 20:34:37,1
2021-08-21 20:57:59,1
2021-08-21 21:06:01,1
2021-08-21 22:19:00,1
2021-08-21 22:52:20,1
2021-08-21 22:57:22,1
2021-08-21 23:11:00,1
2021-08-21 23:17:20,1
2021-08-22 00:47:08,1
2021-08-22 00:54:26,1
2021-08-22 05:40:41,1
2021-08-22 08:18:13,1
2021-08-22 09:27:06,1
2021-08-22 10:03:40,1
2021-08-22 10:32:16,1
2021-08-22 10:46:38,1
2021-08-22 11:22:59,1
2021-08-22 11:55:27,1
2021-08-22 12:01:44,1
2021-08-22 12:03:11,1
2021-08-22 12:03:41,1
2021-08-22 12:06:30,1
2021-08-22 12:11:21,1
2021-08-22 12:22:53,1
2021-08-22 12:26:28,1
2021-08-22 12:29:12,1
2021-08-22 12:32:55,1
2021-08-22 12:37:38,1
2021-08-22 12:41:23,1
2021-08-22 12:43:15,1
2021-08-22 12:47:19,1
2021-08-22 12:53:00,1
2021-08-22 13:05:49,1
2021-08-22 13:15:16,1
2021-08-22 13:27:45,1
2021-08-22 13:39:38,1
2021-08-22 13:44:40,1
2021-08-22 13:53:34,1
2021-08-22 14:05:57,1
2021-08-22 14:25:59,1
2021-08-22 14:33:40,1
2021-08-22 14:43:55,1
2021-08-22 16:05:27,1
2021-08-22 16:58:53,1
2021-08-22 17:20:59,1
2021-08-22 17:50:12,1
2021-08-22 18:44:16,1
2021-08-22 19:16:27,1
2021-08-22 19:25:04,1
2021-08-22 21:26:44,1
2021-08-22 21:30:14,1
2021-08-22 21:46:36,1
2021-08-22 22:42:36,1
2021-08-22 22:50:57,1
2021-08-22 23:21:05,1
2021-08-22 23:41:25,1
2021-08-23 01:52:57,1
2021-08-23 15:24:06,1
2021-08-23 20:19:30,1
2021-08-24 09:45:29,1
2021-08-24 10:45:31,1
2021-08-24 11:06:41,1
2021-08-24 15:23:02,1
2021-08-24 16:18:15,1
2021-08-25 12:50:08,1
2021-08-25 13:05:12,1
2021-08-25 14:13:55,1
2021-08-26 01:04:03,1
2021-08-26 07:32:17,1
2021-08-26 10:04:20,1
2021-08-26 19:44:30,1
2021-08-26 20:25:15,1
2021-08-26 21:00:45,1
2021-08-26 21:19:59,1
2021-08-27 14:33:47,1
2021-08-27 15:35:47,1
2021-08-28 09:54:14,1
2021-08-28 09:55:50,1
2021-08-28 11:52:12,1
2021-08-28 12:32:52,1
2021-08-28 13:29:01,1
2021-08-28 14:00:37,1
2021-08-28 14:29:27,1
2021-08-28 20:33:19,1
2021-08-28 21:12:41,1
2021-08-28 23:24:29,1
2021-08-29 14:26:04,1
2021-08-29 14:41:10,1
2021-08-31 00:42:48,1
2021-08-31 10:05:09,1
2021-08-31 14:08:27,1
2021-08-31 15:22:33,1
2021-09-01 03:24:19,1
2021-09-01 08:08:15,1
2021-09-01 08:37:28,1
2021-09-01 09:29:12,1
2021-09-01 10:38:08,1
2021-09-01 11:55:01,1
2021-09-01 13:58:34,1
2021-09-01 14:19:31,1
2021-09-01 15:21:04,1
2021-09-01 18:53:12,1
2021-09-01 20:51:14,1
2021-09-01 23:46:44,1
2021-09-02 06:56:47,1
2021-09-02 11:21:45,1
2021-09-02 18:34:15,1
2021-09-02 21:17:10,1
2021-09-03 01:10:31,1
2021-09-03 04:13:40,1
2021-09-03 06:53:09,1
2021-09-03 07:53:33,1
2021-09-03 11:13:52,1
2021-09-03 20:00:45,1
2021-09-03 20:48:38,1
2021-09-03 22:59:38,1
2021-09-03 23:32:10,1
2021-09-03 23:51:11,1
2021-09-04 00:26:13,1
2021-09-04 01:41:28,1
2021-09-04 14:08:40,1
2021-09-04 15:57:17,1
2021-09-04 16:04:50,1
2021-09-04 17:56:37,1
2021-09-05 06:08:23,1
2021-09-05 10:20:21,1
2021-09-05 10:23:03,1
2021-09-05 10:53:07,1
2021-09-05 12:47:25,1
2021-09-05 14:34:22,1
2021-09-05 14:41:36,1
2021-09-05 15:31:51,1
2021-09-06 05:46:28,1
2021-09-06 12:53:22,1
2021-09-06 19:36:45,1
2021-09-07 09:57:25,1
2021-09-07 15:28:07,1
2021-09-07 17:56:39,1
2021-09-07 19:06:30,1
2021-09-07 19:43:02,1
2021-09-08 08:24:29,1
2021-09-08 12:57:20,1
2021-09-08 14:15:57,1
2021-09-08 16:46:03,1
2021-09-08 19:42:30,1
2021-09-08 20:51:31,1
2021-09-09 05:22:50,1
2021-09-09 11:54:23,1
2021-09-09 13:37:56,1
2021-09-09 15:39:55,1
2021-09-09 19:41:08,1
2021-09-09 21:08:16,1
2021-09-10 04:49:05,1
2021-09-10 09:22:18,1
2021-09-10 14:10:11,1
2021-09-10 14:37:48,1
2021-09-10 14:50:20,1
2021-09-10 14:54:15,1
2021-09-10 15:09:05,1
2021-09-10 15:10:26,1
2021-09-10 15:28:41,1
2021-09-10 15:52:56,1
2021-09-10 21:22:41,1
2021-09-10 21:38:28,1
2021-09-10 21:47:02,1
2021-09-10 22:17:52,1
2021-09-10 22:30:21,1
2021-09-10 22:43:58,1
2021-09-10 23:02:38,1
2021-09-10 23:11:47,1
2021-09-10 23:15:36,1
2021-09-11 00:45:21,1
2021-09-11 01:09:30,1
2021-09-11 01:31:38,1
2021-09-11 09:19:17,1
2021-09-11 12:51:01,1
2021-09-11 13:08:35,1
2021-09-11 13:48:23,1
2021-09-11 23:59:00,1
2021-09-12 00:57:39,1
2021-09-12 04:49:47,1
2021-09-12 06:24:17,1
2021-09-12 13:49:17,1
2021-09-12 14:03:04,1
2021-09-12 15:39:40,1
2021-09-12 16:06:12,1
2021-09-12 17:36:29,1
2021-09-13 06:49:50,1
2021-09-13 09:03:07,1
2021-09-13 09:28:52,1
2021-09-13 10:14:33,1
2021-09-13 18:38:14,1
2021-09-13 23:12:36,1
2021-09-13 23:18:06,1
2021-09-14 07:03:35,1
2021-09-14 07:20:46,1
2021-09-14 10:02:07,1
2021-09-14 18:50:01,1
2021-09-14 19:36:35,1
2021-09-14 19:49:54,1
2021-09-14 20:32:15,1
2021-09-14 21:13:32,1
2021-09-15 00:25:58,1
2021-09-15 00:35:08,1
2021-09-15 00:39:06,1
2021-09-15 11:21:12,1
2021-09-15 20:30:11,1
2021-09-15 20:39:03,1
2021-09-15 22:14:24,1
2021-09-15 22:26:45,1
2021-09-16 03:09:50,1
2021-09-16 08:15:51,1
2021-09-16 14:39:06,1
2021-09-16 16:29:17,1
2021-09-16 17:04:36,1
2021-09-16 19:53:59,1
2021-09-16 21:07:16,1
2021-09-16 21:41:53,1
2021-09-17 09:07:02,1
2021-09-17 10:31:37,1
2021-09-17 15:09:47,1
2021-09-17 16:03:11,1
2021-09-17 19:51:34,1
2021-09-18 03:07:25,1
2021-09-18 08:59:48,1
2021-09-18 10:11:10,1
2021-09-18 11:08:54,1
2021-09-18 13:24:05,1
2021-09-18 15:37:05,1
2021-09-18 22:35:05,1
2021-09-19 00:48:06,1
2021-09-19 02:57:47,1
2021-09-19 05:54:49,1
2021-09-19 09:49:36,1
2021-09-19 18:22:53,1
2021-09-19 21:42:36,1
2021-09-20 00:02:24,1
2021-09-20 12:12:39,1
2021-09-20 12:16:13,1
2021-09-20 18:17:42,1
2021-09-20 21:34:40,1
2021-09-20 22:07:04,1
2021-09-20 23:08:42,1
2021-09-21 13:32:07,1
2021-09-21 15:19:03,1
2021-09-21 15:29:59,1
2021-09-21 17:36:15,1
2021-09-21 18:31:43,1
2021-09-21 19:45:22,1
2021-09-21 20:52:58,1
2021-09-21 21:24:06,1
2021-09-21 23:20:02,1
2021-09-22 01:20:30,1
2021-09-22 04:11:44,1
2021-09-22 06:29:36,1
2021-09-22 10:37:34,1
2021-09-22 12:10:40,1
2021-09-22 18:35:01,1
2021-09-22 20:48:12,1
2021-09-22 21:06:24,1
2021-09-22 21:31:39,1
2021-09-22 21:57:46,1
2021-09-22 23:46:01,1
2021-09-23 05:34:02,1
2021-09-23 11:39:30,1
2021-09-23 18:39:02,1
2021-09-23 19:06:08,1
2021-09-23 20:27:27,1
2021-09-23 20:40:01,1
2021-09-23 21:41:29,1
2021-09-23 22:11:44,1
2021-09-24 04:01:16,1
2021-09-24 17:15:54,1
2021-09-24 17:30:56,1
2021-09-24 19:45:51,1
2021-09-24 22:09:26,1
2021-09-24 22:15:57,1
2021-09-24 23:30:45,1
2021-09-25 11:59:09,1
2021-09-25 13:52:32,1
2021-09-25 16:17:46,1
2021-09-25 22:14:26,1
2021-09-26 09:14:23,1
2021-09-26 13:55:25,1
2021-09-26 19:40:57,1
2021-09-26 20:49:55,1
2021-09-26 22:15:38,1
2021-09-27 01:03:20,1
2021-09-27 05:46:50,1
2021-09-27 07:25:16,1
2021-09-27 16:33:09,1
2021-09-27 19:05:45,1
2021-09-27 20:53:28,1
2021-09-27 23:53:27,1
2021-09-28 09:32:41,1
2021-09-28 09:54:13,1
2021-09-28 17:31:16,1
2021-09-28 18:24:46,1
2021-09-28 19:35:45,1
2021-09-28 20:05:24,1
2021-09-28 21:26:54,1
2021-09-28 23:49:06,1
2021-09-29 06:28:49,1
2021-09-29 08:35:29,1
2021-09-29 10:08:48,1
2021-09-29 14:35:35,1
2021-09-29 15:23:38,1
2021-09-29 16:18:52,1
2021-09-29 18:20:18,1
2021-09-30 06:18:02,1
2021-09-30 09:21:45,1
2021-09-30 16:20:29,1
2021-10-01 01:56:48,1
2021-10-01 06:56:39,1
2021-10-01 12:07:10,1
2021-10-01 12:12:07,1
2021-10-01 13:28:51,1
2021-10-01 14:49:11,1
2021-10-01 17:01:45,1
2021-10-01 20:55:32,1
2021-10-02 00:54:38,1
2021-10-02 05:57:08,1
2021-10-02 07:13:19,1
2021-10-02 09:02:03,1
2021-10-02 09:39:44,1
2021-10-02 10:35:35,1
2021-10-02 10:40:35,1
2021-10-02 10:48:29,1
2021-10-02 10:56:27,1
2021-10-02 11:04:37,1
2021-10-02 17:48:54,1
2021-10-02 17:51:48,1
2021-10-02 18:52:52,1
2021-10-02 20:02:02,1
2021-10-02 20:16:11,1
2021-10-02 20:33:52,1
2021-10-02 21:01:53,1
2021-10-02 21:05:04,1
2021-10-02 21:14:24,1
2021-10-02 21:22:31,1
2021-10-02 21:26:37,1
2021-10-02 21:53:30,1
2021-10-02 22:54:19,1
2021-10-02 23:21:48,1
2021-10-02 23:51:45,1
2021-10-03 00:47:19,1
2021-10-03 03:06:19,1
2021-10-03 04:24:06,1
2021-10-03 08:10:23,1
2021-10-03 09:57:06,1
2021-10-03 09:59:08,1
2021-10-03 11:08:36,1
2021-10-03 11:52:23,1
2021-10-03 12:07:27,1
2021-10-03 13:14:03,1
2021-10-03 13:45:50,1
2021-10-03 14:30:14,1
2021-10-03 15:48:29,1
2021-10-03 17:07:52,1
2021-10-03 17:14:16,1
2021-10-03 17:52:10,1
2021-10-03 19:40:39,1
2021-10-04 00:55:37,1
2021-10-04 04:29:11,1
2021-10-04 10:34:30,1
2021-10-04 10:57:32,1
2021-10-04 13:02:43,1
2021-10-04 20:32:55,1
2021-10-04 20:51:31,1
2021-10-04 20:52:59,1
2021-10-04 21:36:21,1
2021-10-04 22:29:08,1
2021-10-05 08:53:37,1
2021-10-05 12:50:58,1
2021-10-05 14:59:47,1
2021-10-05 15:36:00,1
2021-10-05 16:50:30,1
2021-10-05 17:16:06,1
2021-10-05 17:24:56,1
2021-10-05 22:21:11,1
2021-10-05 23:24:23,1
2021-10-06 02:54:34,1
2021-10-06 04:17:51,1
2021-10-06 05:20:48,1
2021-10-06 07:46:34,1
2021-10-06 08:01:29,1
2021-10-06 09:25:25,1
2021-10-06 10:19:20,1
2021-10-06 10:21:29,1
2021-10-06 10:49:57,1
2021-10-06 11:01:22,1
2021-10-06 11:02:07,1
2021-10-06 11:04:05,1
2021-10-06 11:11:18,1
2021-10-06 11:19:42,1
2021-10-06 11:29:42,1
2021-10-06 11:46:05,1
2021-10-06 11:48:37,1
2021-10-06 11:53:41,1
2021-10-06 12:09:31,1
2021-10-06 12:12:52,1
2021-10-06 12:16:09,1
2021-10-06 12:33:52,1
2021-10-06 12:40:42,1
2021-10-06 12:56:03,1
2021-10-06 13:32:48,1
2021-10-06 13:39:07,1
2021-10-06 13:46:16,1
2021-10-06 13:55:07,1
2021-10-06 14:02:16,1
2021-10-06 14:04:56,1
2021-10-06 14:49:35,1
2021-10-06 15:20:22,1
2021-10-06 15:37:25,1
2021-10-06 16:00:44,1
2021-10-06 16:09:00,1
2021-10-06 16:13:05,1
2021-10-06 16:17:46,1
2021-10-06 17:17:44,1
2021-10-06 18:14:50,1
2021-10-06 19:30:50,1
2021-10-06 20:30:15,1
2021-10-06 20:57:03,1
2021-10-06 22:34:18,1
2021-10-06 23:08:58,1
2021-10-07 07:19:00,1
2021-10-07 08:18:44,1
2021-10-07 08:53:47,1
2021-10-07 12:07:03,1
2021-10-07 12:30:25,1
2021-10-07 13:29:25,1
2021-10-07 23:41:42,1
2021-10-08 02:11:20,1
2021-10-08 02:30:56,1
2021-10-08 05:41:37,1
2021-10-08 11:37:32,1
2021-10-08 13:42:56,1
2021-10-08 17:35:55,1
2021-10-08 18:51:17,1
2021-10-09 09:16:24,1
2021-10-09 10:34:54,1
2021-10-09 10:39:35,1
2021-10-09 10:47:37,1
2021-10-09 10:55:37,1
2021-10-09 11:03:50,1
2021-10-09 11:13:50,1
2021-10-09 12:47:50,1
2021-10-09 13:47:39,1
2021-10-09 14:52:28,1
2021-10-09 15:32:32,1
2021-10-09 16:59:19,1
2021-10-09 20:36:26,1
2021-10-10 00:17:13,1
2021-10-10 00:44:51,1
2021-10-10 03:11:17,1
2021-10-10 09:23:27,1
2021-10-10 09:48:21,1
2021-10-10 12:53:54,1
2021-10-10 17:01:54,1
2021-10-10 18:21:35,1
2021-10-10 19:35:39,1
2021-10-10 21:19:43,1
2021-10-10 21:52:41,1
2021-10-11 00:59:47,1
2021-10-11 03:36:09,1
2021-10-11 10:34:03,1
2021-10-11 11:06:51,1
2021-10-11 11:19:20,1
2021-10-11 14:11:40,1
2021-10-11 15:25:06,1
2021-10-11 16:36:43,1
2021-10-11 17:56:58,1
2021-10-11 18:03:56,1
2021-10-11 21:53:53,1
2021-10-11 22:02:02,1
2021-10-12 12:22:43,1
2021-10-12 13:28:36,1
2021-10-12 14:19:58,1
2021-10-12 16:09:28,1
2021-10-12 17:43:17,1
2021-10-12 18:23:26,1
2021-10-12 19:39:22,1
2021-10-12 21:05:13,1
2021-10-13 01:45:43,1
2021-10-13 08:31:34,1
2021-10-13 09:01:40,1
2021-10-13 18:19:15,1
2021-10-14 01:20:46,1
2021-10-14 02:43:58,1
2021-10-14 03:37:50,1
2021-10-14 16:12:12,1
2021-10-14 16:37:03,1
2021-10-14 19:50:04,1
2021-10-14 21:37:29,1
2021-10-14 21:54:05,1
2021-10-14 22:44:31,1
2021-10-14 23:19:10,1
2021-10-15 00:52:40,1
2021-10-15 01:28:33,1
2021-10-15 12:50:50,1
2021-10-15 20:02:02,1
2021-10-16 02:46:14,1
2021-10-16 10:24:29,1
2021-10-16 11:31:27,1
2021-10-16 12:11:48,1
2021-10-16 13:32:43,1
2021-10-16 14:33:16,1
2021-10-16 17:38:07,1
2021-10-16 19:14:09,1
2021-10-17 00:24:45,1
2021-10-17 03:24:28,1
2021-10-17 15:33:10,1
2021-10-17 16:18:59,1
2021-10-18 00:37:37,1
2021-10-18 10:45:36,1
2021-10-18 20:32:16,1
2021-10-18 23:21:20,1
2021-10-19 00:09:57,1
2021-10-19 17:56:06,1
2021-10-19 21:44:30,1
2021-10-19 23:14:53,1
2021-10-20 09:58:57,1
2021-10-20 10:36:26,1
2021-10-20 12:35:11,1
2021-10-20 16:54:31,1
2021-10-20 17:30:43,1
2021-10-20 20:49:10,1
2021-10-20 23:04:39,1
2021-10-21 01:15:35,1
2021-10-21 01:19:26,1
2021-10-21 01:36:21,1
2021-10-21 01:47:23,1
2021-10-21 01:56:21,1
2021-10-21 02:12:41,1
2021-10-21 02:21:39,1
2021-10-21 02:26:23,1
2021-10-21 02:34:45,1
2021-10-21 02:40:43,1
2021-10-21 02:47:26,1
2021-10-21 02:49:39,1
2021-10-21 02:50:53,1
2021-10-21 02:51:11,1
2021-10-21 03:02:25,1
2021-10-21 03:12:10,1
2021-10-21 03:21:30,1
2021-10-21 03:33:00,1
2021-10-21 03:50:08,1
2021-10-21 04:54:04,1
2021-10-21 06:42:25,1
2021-10-21 07:21:29,1
2021-10-21 07:44:46,1
2021-10-21 08:59:06,1
2021-10-21 09:14:42,1
2021-10-21 10:38:46,1
2021-10-21 11:45:35,1
2021-10-21 12:06:19,1
2021-10-21 12:43:51,1
2021-10-21 14:23:59,1
2021-10-21 16:12:23,1
2021-10-21 16:54:50,1
2021-10-22 03:53:56,1
2021-10-22 07:34:52,1
2021-10-22 10:20:40,1
2021-10-22 11:35:19,1
2021-10-22 16:52:27,1
2021-10-22 18:14:10,1
2021-10-22 20:37:59,1
2021-10-22 20:55:55,1
2021-10-22 21:18:37,1
2021-10-22 21:41:40,1
2021-10-23 08:00:28,1
2021-10-23 12:21:07,1
2021-10-23 12:48:34,1
2021-10-23 13:52:22,1
2021-10-23 14:05:55,1
2021-10-23 14:47:00,1
2021-10-23 16:01:54,1
2021-10-23 16:35:02,1
2021-10-23 16:51:23,1
2021-10-23 17:35:38,1
2021-10-23 19:47:21,1
2021-10-23 21:35:02,1
2021-10-23 22:39:55,1
2021-10-23 23:43:36,1
2021-10-24 07:51:41,1
2021-10-24 11:07:55,1
2021-10-24 11:52:28,1
2021-10-24 16:23:00,1
2021-10-24 17:15:28,1
2021-10-24 20:29:28,1
2021-10-24 21:47:06,1
2021-10-25 00:24:56,1
2021-10-25 10:37:21,1
2021-10-25 10:49:21,1
2021-10-25 16:48:51,1
2021-10-25 19:17:57,1
2021-10-25 19:24:00,1
2021-10-25 20:07:18,1
2021-10-25 21:01:06,1
2021-10-25 22:18:16,1
2021-10-26 06:26:50,1
2021-10-26 08:18:42,1
2021-10-26 08:54:27,1
2021-10-26 09:46:54,1
2021-10-26 16:51:20,1
2021-10-26 16:54:04,1
2021-10-26 17:13:50,1
2021-10-26 17:43:30,1
2021-10-26 18:04:09,1
2021-10-26 20:00:34,1
2021-10-26 22:13:15,1
2021-10-27 00:37:06,1
2021-10-27 02:08:53,1
2021-10-27 08:15:15,1
2021-10-27 16:40:11,1
2021-10-27 19:19:01,1
2021-10-27 20:04:42,1
2021-10-27 23:26:59,1
2021-10-28 06:26:43,1
2021-10-28 18:07:14,1
2021-10-29 03:51:59,1
2021-10-29 04:29:09,1
2021-10-29 08:39:43,1
2021-10-29 11:10:33,1
2021-10-29 16:38:34,1
2021-10-29 18:34:51,1
2021-10-30 00:01:21,1
2021-10-30 11:56:50,1
2021-10-30 12:29:54,1
2021-10-30 12:38:01,1
2021-10-30 12:54:56,1
2021-10-30 14:25:30,1
2021-10-30 16:52:52,1
2021-10-30 18:15:47,1
2021-10-30 19:27:26,1
2021-10-31 01:17:41,1
2021-10-31 02:35:14,1
2021-10-31 02:47:16,1
2021-10-31 08:44:08,1
2021-10-31 12:04:31,1
2021-10-31 17:20:14,1
2021-10-31 17:40:16,1
2021-10-31 17:52:39,1
2021-10-31 17:57:50,1
2021-10-31 18:01:48,1
2021-10-31 18:03:01,1
2021-10-31 18:11:29,1
2021-10-31 18:15:03,1
2021-10-31 19:37:00,1
2021-10-31 19:45:41,1
2021-10-31 19:48:41,1
2021-10-31 20:02:05,1
2021-10-31 20:07:46,1
2021-10-31 20:18:56,1
2021-10-31 20:28:37,1
2021-10-31 20:59:31,1
2021-10-31 21:21:03,1
2021-10-31 21:38:35,1
2021-10-31 21:43:45,1
2021-10-31 21:50:32,1
2021-10-31 21:59:31,1
2021-11-01 12:33:00,1
2021-11-01 18:27:31,1
2021-11-01 19:30:53,1
2021-11-02 01:50:07,1
2021-11-02 11:09:32,1
2021-11-02 12:09:20,1
2021-11-02 16:18:54,1
2021-11-02 16:41:25,1
2021-11-02 19:29:16,1
2021-11-02 19:47:27,1
2021-11-02 20:33:29,1
2021-11-02 21:03:29,1
2021-11-02 21:55:53,1
2021-11-02 22:30:08,1
2021-11-03 11:18:33,1
2021-11-03 14:35:56,1
2021-11-03 17:00:32,1
2021-11-03 18:13:26,1
2021-11-03 18:57:07,1
2021-11-03 21:19:19,1
2021-11-03 21:58:28,1
2021-11-03 23:11:32,1
2021-11-04 02:42:47,1
2021-11-04 02:57:25,1
2021-11-04 10:23:19,1
2021-11-04 14:38:37,1
2021-11-04 18:12:18,1
2021-11-04 20:56:07,1
2021-11-04 21:14:20,1
2021-11-04 21:21:20,1
2021-11-04 22:36:15,1
2021-11-04 23:57:02,1
2021-11-05 01:17:30,1
2021-11-05 01:18:08,1
2021-11-05 01:18:58,1
2021-11-05 07:03:06,1
2021-11-05 08:22:28,1
2021-11-05 08:28:38,1
2021-11-05 08:30:38,1
2021-11-05 10:02:39,1
2021-11-05 12:20:51,1
2021-11-05 15:57:01,1
2021-11-05 19:48:57,1
2021-11-05 20:19:37,1
2021-11-05 20:21:14,1
2021-11-05 21:33:05,1
2021-11-06 10:05:49,1
2021-11-06 11:14:00,1
2021-11-06 14:49:04,1
2021-11-06 16:53:32,1
2021-11-06 18:07:57,1
2021-11-06 20:13:38,1
2021-11-06 21:33:55,1
2021-11-06 23:00:51,1
2021-11-06 23:38:16,1
2021-11-07 06:36:03,1
2021-11-07 12:39:24,1
2021-11-07 21:50:43,1
2021-11-07 22:05:55,1
2021-11-08 11:07:52,1
2021-11-08 11:41:48,1
2021-11-08 12:01:17,1
2021-11-08 21:49:30,1
2021-11-09 17:24:07,1
2021-11-10 08:07:30,1
2021-11-10 09:15:23,1
2021-11-10 12:57:50,1
2021-11-10 13:30:24,1
2021-11-10 23:21:17,1
2021-11-11 11:03:00,1
2021-11-11 16:42:46,1
2021-11-11 18:36:35,1
2021-11-11 19:35:59,1
2021-11-11 21:35:20,1
2021-11-12 06:37:05,1
2021-11-12 13:22:15,1
2021-11-12 14:58:58,1
2021-11-12 19:51:49,1
2021-11-12 20:55:27,1
2021-11-13 01:46:42,1
2021-11-13 04:40:14,1
2021-11-13 05:07:21,1
2021-11-13 06:16:27,1
2021-11-13 10:02:20,1
2021-11-13 10:42:54,1
2021-11-13 12:01:58,1
2021-11-13 17:52:13,1
2021-11-14 02:15:13,1
2021-11-14 03:20:24,1
2021-11-14 04:50:08,1
2021-11-14 05:36:13,1
2021-11-14 06:08:36,1
2021-11-14 09:26:00,1
2021-11-14 09:45:34,1
2021-11-14 11:37:04,1
2021-11-14 13:45:42,1
2021-11-15 10:04:45,1
2021-11-15 12:59:43,1
2021-11-15 16:23:43,1
2021-11-15 19:31:54,1
2021-11-15 21:34:41,1
2021-11-15 23:12:34,1
2021-11-16 14:45:03,1
2021-11-16 15:32:03,1
2021-11-16 17:20:33,1
2021-11-16 17:24:37,1
2021-11-16 17:32:35,1
2021-11-16 21:10:56,1
2021-11-17 02:06:56,1
2021-11-17 03:37:41,1
2021-11-17 13:27:40,1
2021-11-17 15:35:53,1
2021-11-17 18:09:49,1
2021-11-17 23:19:57,1
2021-11-17 23:28:20,1
2021-11-18 00:06:57,1
2021-11-18 09:26:04,1
2021-11-18 10:50:06,1
2021-11-18 17:31:25,1
2021-11-18 18:32:03,1
2021-11-18 19:43:57,1
2021-11-18 20:11:55,1
2021-11-18 21:33:50,1
2021-11-19 00:01:22,1
2021-11-19 04:04:59,1
2021-11-19 07:17:35,1
2021-11-19 08:43:09,1
2021-11-20 08:55:00,1
2021-11-20 10:01:30,1
2021-11-20 12:02:14,1
2021-11-20 12:50:58,1
2021-11-20 13:06:57,1
2021-11-20 13:17:06,1
2021-11-20 13:36:28,1
2021-11-20 14:19:20,1
2021-11-20 17:52:42,1
2021-11-20 21:24:08,1
2021-11-21 06:56:20,1
2021-11-21 07:21:03,1
2021-11-21 11:10:56,1
2021-11-21 12:24:48,1
2021-11-21 16:12:28,1
2021-11-21 22:05:46,1
2021-11-22 09:21:37,1
2021-11-22 22:13:43,1
2021-11-23 11:46:22,1
2021-11-23 20:17:04,1
2021-11-23 22:57:07,1
2021-11-24 00:01:46,1
2021-11-24 02:26:01,1
2021-11-24 03:31:14,1
2021-11-24 15:18:37,1
2021-11-24 17:51:49,1
2021-11-24 18:07:37,1
2021-11-24 19:00:30,1
2021-11-25 00:54:43,1
2021-11-25 07:01:38,1
2021-11-25 13:33:06,1
2021-11-25 15:11:33,1
2021-11-25 19:24:17,1
2021-11-25 20:51:40,1
2021-11-26 02:49:31,1
2021-11-26 04:38:50,1
2021-11-26 04:59:48,1
2021-11-26 05:20:38,1
2021-11-26 15:18:20,1
2021-11-26 15:45:46,1
2021-11-26 15:52:33,1
2021-11-26 17:09:37,1
2021-11-26 17:33:57,1
2021-11-26 18:58:11,1
2021-11-26 19:55:09,1
2021-11-26 20:34:22,1
2021-11-26 22:02:03,1
2021-11-26 22:31:33,1
2021-11-26 23:47:05,1
2021-11-26 23:52:46,1
2021-11-27 00:46:07,1
2021-11-27 08:23:24,1
2021-11-27 11:07:13,1
2021-11-27 11:08:30,1
2021-11-27 11:52:49,1
2021-11-27 12:38:37,1
2021-11-27 13:36:26,1
2021-11-27 15:33:09,1
2021-11-27 15:35:05,1
2021-11-27 20:38:06,1
2021-11-27 20:41:19,1
2021-11-28 09:35:19,1
2021-11-28 12:24:42,1
2021-11-28 13:31:46,1
2021-11-28 15:50:03,1
2021-11-28 18:01:08,1
2021-11-28 22:11:18,1
2021-11-29 00:10:05,1
2021-11-29 05:07:10,1
2021-11-29 07:25:35,1
2021-11-29 08:55:28,1
2021-11-29 17:53:54,1
2021-11-29 19:15:50,1
2021-11-30 00:31:00,1
2021-11-30 03:37:47,1
2021-11-30 10:21:36,1
2021-11-30 11:44:25,1
2021-11-30 13:37:10,1
2021-11-30 15:13:38,1
2021-12-01 06:02:33,1
2021-12-01 06:37:51,1
2021-12-01 09:40:40,1
2021-12-01 10:18:10,1
2021-12-01 10:19:23,1
2021-12-01 11:37:12,1
2021-12-01 21:57:52,1
2021-12-02 09:08:39,1
2021-12-02 15:03:41,1
2021-12-02 18:32:09,1
2021-12-02 21:22:28,1
2021-12-02 22:24:26,1
2021-12-03 00:50:32,1
2021-12-03 04:28:27,1
2021-12-03 07:20:38,1
2021-12-03 07:43:17,1
2021-12-03 11:50:28,1
2021-12-03 13:13:34,1
2021-12-03 15:17:01,1
2021-12-03 21:29:39,1
2021-12-04 00:39:40,1
2021-12-04 03:05:46,1
2021-12-04 09:29:42,1
2021-12-04 16:17:24,1
2021-12-04 17:52:35,1
2021-12-04 21:03:05,1
2021-12-05 00:57:00,1
2021-12-05 01:03:52,1
2021-12-05 01:21:33,1
2021-12-05 10:23:49,1
2021-12-05 12:16:23,1
2021-12-05 13:20:41,1
2021-12-05 13:53:46,1
2021-12-05 16:08:23,1
2021-12-05 16:59:13,1
2021-12-06 00:46:08,1
2021-12-06 10:08:35,1
2021-12-06 10:17:53,1
2021-12-06 10:36:48,1
2021-12-06 10:42:27,1
2021-12-06 10:45:48,1
2021-12-06 10:54:25,1
2021-12-06 11:02:09,1
2021-12-06 11:02:09,1
2021-12-06 11:05:23,1
2021-12-06 11:09:08,1
2021-12-06 11:13:38,1
2021-12-06 11:15:49,1
2021-12-06 11:21:34,1
2021-12-06 11:23:12,1
2021-12-06 11:27:21,1
2021-12-06 11:54:53,1
2021-12-06 12:04:14,1
2021-12-06 12:10:01,1
2021-12-06 12:20:42,1
2021-12-06 12:26:20,1
2021-12-06 12:26:44,1
2021-12-06 12:31:38,1
2021-12-06 12:49:20,1
2021-12-06 12:51:59,1
2021-12-06 12:56:01,1
2021-12-06 13:10:25,1
2021-12-06 13:23:05,1
2021-12-06 13:29:07,1
2021-12-06 13:29:55,1
2021-12-06 13:37:55,1
2021-12-06 13:48:13,1
2021-12-06 13:53:36,1
2021-12-06 13:56:21,1
2021-12-06 14:17:18,1
2021-12-06 14:29:11,1
2021-12-06 14:38:16,1
2021-12-06 14:46:18,1
2021-12-06 14:51:46,1
2021-12-06 17:40:39,1
2021-12-06 17:43:46,1
2021-12-06 17:49:18,1
2021-12-06 17:49:35,1
2021-12-06 17:54:37,1
2021-12-06 18:03:31,1
2021-12-06 19:26:35,1
2021-12-06 19:51:39,1
2021-12-06 20:18:44,1
2021-12-06 21:21:35,1
2021-12-06 22:43:52,1
2021-12-07 03:28:46,1
2021-12-07 11:04:28,1
2021-12-07 13:20:49,1
2021-12-07 14:23:13,1
2021-12-07 21:37:49,1
2021-12-07 22:24:13,1
2021-12-07 23:07:54,1
2021-12-08 08:34:08,1
2021-12-08 10:47:49,1
2021-12-08 13:38:27,1
2021-12-08 15:17:45,1
2021-12-08 16:24:17,1
2021-12-08 18:33:06,1
2021-12-08 19:42:47,1
2021-12-08 21:18:06,1
2021-12-08 22:54:32,1
2021-12-09 04:16:50,1
2021-12-09 12:12:03,1
2021-12-09 14:10:24,1
2021-12-10 12:59:00,1
2021-12-10 14:30:15,1
2021-12-10 20:46:50,1
2021-12-10 23:05:02,1
2021-12-11 13:11:31,1
2021-12-11 13:55:36,1
2021-12-11 15:16:42,1
2021-12-11 19:02:06,1
2021-12-12 00:40:01,1
2021-12-12 08:40:07,1
2021-12-12 11:45:11,1
2021-12-12 13:52:41,1
2021-12-12 13:55:20,1
2021-12-12 14:35:03,1
2021-12-12 14:54:03,1
2021-12-12 17:12:56,1
2021-12-12 18:39:28,1
2021-12-12 18:53:56,1
2021-12-12 19:17:07,1
2021-12-12 19:35:34,1
2021-12-13 07:50:49,1
2021-12-13 10:54:29,1
2021-12-13 17:40:59,1
2021-12-13 22:32:36,1
2021-12-13 23:58:16,1
2021-12-14 00:44:29,1
2021-12-14 03:10:52,1
2021-12-14 07:06:20,1
2021-12-14 07:32:00,1
2021-12-14 11:04:39,1
2021-12-14 12:04:45,1
2021-12-14 16:29:33,1
2021-12-14 16:57:32,1
2021-12-14 19:55:34,1
2021-12-14 20:00:35,1
2021-12-14 20:03:37,1
2021-12-14 20:42:36,1
2021-12-14 22:43:19,1
2021-12-15 07:14:30,1
2021-12-15 08:36:15,1
2021-12-15 10:11:15,1
2021-12-15 12:27:21,1
2021-12-15 12:34:04,1
2021-12-15 15:07:16,1
2021-12-15 20:49:03,1
2021-12-16 01:50:46,1
2021-12-16 08:08:49,1
2021-12-16 15:33:07,1
2021-12-16 16:01:20,1
2021-12-16 19:09:07,1
2021-12-17 00:22:24,1
2021-12-17 00:22:34,1
2021-12-17 15:11:29,1
2021-12-17 17:40:18,1
2021-12-17 18:35:12,1
2021-12-17 21:44:23,1
2021-12-17 22:21:49,1
2021-12-18 09:37:50,1
2021-12-18 10:50:27,1
2021-12-18 11:14:20,1
2021-12-18 12:08:07,1
2021-12-18 12:29:13,1
2021-12-18 12:31:59,1
2021-12-18 13:00:00,1
2021-12-18 13:20:54,1
2021-12-18 14:05:30,1
2021-12-18 15:07:45,1
2021-12-18 15:15:52,1
2021-12-18 15:47:28,1
2021-12-18 15:50:20,1
2021-12-18 17:45:26,1
2021-12-18 20:00:11,1
2021-12-18 20:08:09,1
2021-12-18 23:03:58,1
2021-12-19 02:20:19,1
2021-12-19 02:43:30,1
2021-12-19 10:43:02,1
2021-12-19 12:51:17,1
2021-12-19 15:30:00,1
2021-12-19 16:41:15,1
2021-12-19 20:05:29,1
2021-12-19 21:43:37,1
2021-12-19 22:47:24,1
2021-12-20 00:01:16,1
2021-12-20 12:55:27,1
2021-12-20 15:27:35,1
2021-12-20 17:49:26,1
2021-12-21 00:12:20,1
2021-12-21 10:28:00,1
2021-12-21 11:49:21,1
2021-12-21 12:25:34,1
2021-12-21 14:14:28,1
2021-12-21 15:54:02,1
2021-12-21 17:15:09,1
2021-12-21 21:08:23,1
2021-12-22 01:21:25,1
2021-12-22 01:45:04,1
2021-12-22 05:53:31,1
2021-12-22 12:58:53,1
2021-12-22 15:26:53,1
2021-12-22 16:01:25,1
2021-12-22 16:37:05,1
2021-12-22 16:37:39,1
2021-12-22 18:55:25,1
2021-12-22 21:02:04,1
2021-12-22 21:42:30,1
2021-12-22 22:43:22,1
2021-12-23 01:05:26,1
2021-12-23 02:49:24,1
2021-12-23 02:53:17,1
2021-12-23 04:21:43,1
2021-12-23 09:57:17,1
2021-12-23 10:05:02,1
2021-12-23 10:18:55,1
2021-12-23 14:34:56,1
2021-12-23 17:22:47,1
2021-12-23 19:25:47,1
2021-12-24 01:26:05,1
2021-12-24 01:42:31,1
2021-12-24 05:27:14,1
2021-12-24 07:28:30,1
2021-12-24 09:24:33,1
2021-12-24 10:09:41,1
2021-12-24 12:03:32,1
2021-12-24 12:34:32,1
2021-12-24 17:07:47,1
2021-12-24 19:24:46,1
2021-12-25 00:23:26,1
2021-12-25 00:51:46,1
2021-12-25 01:13:15,1
2021-12-25 01:49:45,1
2021-12-25 07:13:26,1
2021-12-25 08:42:52,1
2021-12-25 09:59:56,1
2021-12-25 15:28:43,1
2021-12-25 19:35:17,1
2021-12-26 05:29:07,1
2021-12-26 08:52:01,1
2021-12-26 10:55:32,1
2021-12-26 14:16:40,1
2021-12-26 14:22:56,1
2021-12-26 15:49:19,1
2021-12-26 17:33:55,1
2021-12-26 19:26:28,1
2021-12-26 20:46:14,1
2021-12-26 21:45:58,1
2021-12-26 23:05:14,1
2021-12-27 01:09:18,1
2021-12-27 01:35:41,1
2021-12-27 02:37:58,1
2021-12-27 12:14:19,1
2021-12-27 12:37:30,1
2021-12-27 13:59:52,1
2021-12-27 16:30:08,1
2021-12-27 21:29:52,1
2021-12-28 01:30:11,1
2021-12-28 02:37:54,1
2021-12-28 03:23:46,1
2021-12-28 05:43:45,1
2021-12-28 10:11:34,1
2021-12-28 11:11:43,1
2021-12-28 13:26:58,1
2021-12-28 14:13:56,1
2021-12-28 16:57:35,1
2021-12-28 18:51:15,1
2021-12-29 01:39:01,1
2021-12-29 13:16:11,1
2021-12-29 18:00:37,1
2021-12-30 11:16:37,1
2021-12-30 11:23:13,1
2021-12-30 14:20:33,1
2021-12-30 15:58:28,1
2021-12-30 22:53:59,1
2021-12-30 22:55:41,1
2021-12-30 22:56:07,1
2021-12-31 04:41:29,1
2021-12-31 04:59:22,1
2021-12-31 08:53:20,1
2021-12-31 09:09:03,1
2021-12-31 12:11:21,1
2021-12-31 18:49:47,1
2021-12-31 20:31:37,1
2022-01-01 00:41:03,1
2022-01-01 01:38:45,1
2022-01-01 09:26:34,1
2022-01-01 11:52:28,1
2022-01-01 17:00:27,1
2022-01-01 20:37:23,1
2022-01-01 20:41:52,1
2022-01-01 23:55:46,1
2022-01-02 00:51:16,1
2022-01-02 09:43:26,1
2022-01-02 11:40:58,1
2022-01-02 13:46:00,1
2022-01-02 14:03:06,1
2022-01-02 21:09:12,1
2022-01-03 07:25:11,1
2022-01-03 09:06:43,1
2022-01-03 10:03:43,1
2022-01-03 11:36:36,1
2022-01-03 12:27:47,1
2022-01-03 14:55:30,1
2022-01-03 15:42:02,1
2022-01-03 17:23:24,1
2022-01-03 18:56:41,1
2022-01-03 19:51:45,1
2022-01-03 20:38:59,1
2022-01-03 22:23:31,1
2022-01-04 04:28:31,1
2022-01-04 07:23:28,1
2022-01-04 11:22:39,1
2022-01-04 17:05:06,1
2022-01-04 17:10:00,1
2022-01-04 17:38:55,1
2022-01-05 00:05:45,1
2022-01-05 07:51:41,1
2022-01-05 20:12:15,1
2022-01-05 20:22:47,1
2022-01-05 20:51:51,1
2022-01-06 11:42:47,1
2022-01-06 12:56:28,1
2022-01-06 13:14:04,1
2022-01-06 21:00:14,1
2022-01-06 22:27:44,1
2022-01-07 05:24:22,1
2022-01-07 13:49:57,1
2022-01-07 18:00:40,1
2022-01-07 19:31:51,1
2022-01-08 05:30:17,1
2022-01-08 08:22:11,1
2022-01-08 15:54:17,1
2022-01-08 16:33:41,1
2022-01-08 19:36:09,1
2022-01-08 19:49:10,1
2022-01-08 20:45:38,1
2022-01-08 22:55:29,1
2022-01-08 23:28:59,1
2022-01-09 00:35:35,1
2022-01-09 13:06:52,1
2022-01-09 14:29:50,1
2022-01-09 18:07:34,1
2022-01-09 19:10:11,1
2022-01-09 20:16:53,1
2022-01-09 21:42:43,1
2022-01-09 23:07:40,1
2022-01-09 23:29:48,1
2022-01-09 23:40:29,1
2022-01-10 11:12:44,1
2022-01-10 16:16:09,1
2022-01-10 21:16:00,1
2022-01-11 07:18:58,1
2022-01-11 08:37:03,1
2022-01-11 16:06:17,1
2022-01-11 19:37:02,1
2022-01-11 21:51:04,1
2022-01-11 22:08:04,1
2022-01-12 17:14:21,1
2022-01-12 19:40:27,1
2022-01-12 19:51:50,1
2022-01-12 20:55:16,1
2022-01-13 14:52:32,1
2022-01-13 16:38:32,1
2022-01-14 04:02:40,1
2022-01-14 04:07:58,1
2022-01-14 04:30:42,1
2022-01-14 04:46:36,1
2022-01-14 05:33:27,1
2022-01-14 07:01:04,1
2022-01-14 09:02:19,1
2022-01-14 11:18:32,1
2022-01-14 14:04:24,1
2022-01-14 15:33:57,1
2022-01-14 19:59:07,1
2022-01-14 21:57:29,1
2022-01-15 00:34:16,1
2022-01-15 00:46:44,1
2022-01-15 06:10:30,1
2022-01-15 11:16:24,1
2022-01-15 13:54:22,1
2022-01-15 16:47:11,1
2022-01-15 17:50:11,1
2022-01-15 21:22:11,1
2022-01-15 22:08:52,1
2022-01-16 02:30:24,1
2022-01-16 03:00:08,1
2022-01-16 03:28:02,1
2022-01-16 08:12:21,1
2022-01-16 12:54:10,1
2022-01-16 18:03:37,1
2022-01-16 18:29:40,1
2022-01-16 18:34:21,1
2022-01-16 21:02:22,1
2022-01-16 22:22:46,1
2022-01-16 22:58:07,1
2022-01-16 23:04:22,1
2022-01-17 16:37:56,1
2022-01-17 23:14:10,1
2022-01-18 00:36:26,1
2022-01-18 02:06:36,1
2022-01-18 16:20:45,1
2022-01-18 18:17:37,1
2022-01-18 18:36:17,1
2022-01-18 20:21:26,1
2022-01-18 21:21:31,1
2022-01-18 23:27:58,1
2022-01-19 01:41:03,1
2022-01-19 08:58:02,1
2022-01-19 09:11:11,1
2022-01-19 11:12:52,1
2022-01-19 16:06:30,1
2022-01-19 18:32:06,1
2022-01-19 18:46:30,1
2022-01-19 19:29:24,1
2022-01-19 21:01:09,1
2022-01-19 22:37:23,1
2022-01-20 01:48:52,1
2022-01-20 09:02:36,1
2022-01-20 11:41:27,1
2022-01-20 15:37:10,1
2022-01-20 16:22:12,1
2022-01-20 21:49:12,1
2022-01-20 23:12:52,1
2022-01-21 00:40:52,1
2022-01-21 10:15:58,1
2022-01-21 14:32:47,1
2022-01-21 14:48:41,1
2022-01-21 15:16:22,1
2022-01-21 16:28:15,1
2022-01-21 21:12:21,1
2022-01-21 23:12:19,1
2022-01-22 02:57:32,1
2022-01-22 08:27:47,1
2022-01-22 09:17:43,1
2022-01-22 09:27:47,1
2022-01-22 11:24:15,1
2022-01-22 12:03:17,1
2022-01-22 12:40:12,1
2022-01-22 16:15:47,1
2022-01-22 16:56:59,1
2022-01-22 17:40:18,1
2022-01-22 20:54:04,1
2022-01-22 21:15:37,1
2022-01-22 21:59:24,1
2022-01-23 04:02:58,1
2022-01-23 05:30:09,1
2022-01-23 15:27:47,1
2022-01-24 02:46:11,1
2022-01-24 05:32:31,1
2022-01-24 06:49:20,1
2022-01-24 09:15:07,1
2022-01-24 20:29:35,1
2022-01-24 21:33:24,1
2022-01-24 23:15:07,1
2022-01-24 23:53:56,1
2022-01-25 00:45:06,1
2022-01-25 01:27:13,1
2022-01-25 01:53:34,1
2022-01-25 18:11:14,1
2022-01-25 21:40:24,1
2022-01-26 04:51:54,1
2022-01-26 04:54:52,1
2022-01-26 17:08:22,1
2022-01-26 18:31:19,1
2022-01-26 21:43:23,1
2022-01-27 00:25:26,1
2022-01-27 05:35:21,1
2022-01-27 05:47:38,1
2022-01-27 11:27:47,1
2022-01-27 15:22:48,1
2022-01-27 16:16:59,1
2022-01-27 18:36:49,1
2022-01-27 21:53:05,1
2022-01-28 11:14:46,1
2022-01-28 11:35:47,1
2022-01-28 15:30:37,1
2022-01-28 18:25:32,1
2022-01-28 20:07:36,1
2022-01-28 21:08:26,1
2022-01-29 04:29:13,1
2022-01-29 14:56:57,1
2022-01-29 15:01:21,1
2022-01-29 15:48:57,1
2022-01-29 20:04:31,1
2022-01-29 22:53:52,1
2022-01-30 06:23:31,1
2022-01-30 16:26:58,1
2022-01-30 17:22:45,1
2022-01-30 20:06:19,1
2022-01-31 02:02:04,1
2022-01-31 02:07:55,1
2022-01-31 02:22:06,1
2022-01-31 02:51:13,1
2022-01-31 10:42:49,1
2022-01-31 13:10:44,1
2022-01-31 14:16:06,1
2022-01-31 16:15:15,1
2022-01-31 16:57:59,1
2022-01-31 18:41:01,1
2022-01-31 18:41:23,1
2022-01-31 20:27:18,1
2022-01-31 21:31:20,1
2022-01-31 21:46:18,1
2022-02-01 12:40:26,1
2022-02-01 12:52:22,1
2022-02-01 14:13:32,1
2022-02-01 16:01:49,1
2022-02-01 17:54:35,1
2022-02-02 03:42:43,1
2022-02-02 04:26:47,1
2022-02-02 08:44:02,1
2022-02-02 18:44:06,1
2022-02-02 19:58:53,1
2022-02-02 20:46:33,1
2022-02-02 22:02:20,1
2022-02-02 23:24:33,1
2022-02-03 06:00:26,1
2022-02-03 07:05:54,1
2022-02-03 18:30:22,1
2022-02-03 20:45:41,1
2022-02-03 23:33:47,1
2022-02-04 07:17:04,1
2022-02-04 14:09:06,1
2022-02-04 15:23:04,1
2022-02-04 17:37:55,1
2022-02-04 19:11:20,1
2022-02-04 21:34:07,1
2022-02-05 00:47:14,1
2022-02-05 02:22:13,1
2022-02-05 03:33:39,1
2022-02-05 05:08:39,1
2022-02-05 05:37:26,1
2022-02-05 06:53:30,1
2022-02-05 07:26:35,1
2022-02-05 08:36:28,1
2022-02-05 11:37:54,1
2022-02-05 12:49:00,1
2022-02-05 13:11:58,1
2022-02-05 13:18:03,1
2022-02-05 14:00:08,1
2022-02-05 15:55:58,1
2022-02-05 17:16:36,1
2022-02-05 20:50:36,1
2022-02-05 23:16:58,1
2022-02-06 00:14:26,1
2022-02-06 00:44:54,1
2022-02-06 03:53:53,1
2022-02-06 04:38:02,1
2022-02-06 04:52:00,1
2022-02-06 05:29:30,1
2022-02-06 05:36:17,1
2022-02-06 10:18:57,1
2022-02-06 10:51:12,1
2022-02-06 11:24:53,1
2022-02-06 11:30:00,1
2022-02-06 11:39:09,1
2022-02-06 12:00:42,1
2022-02-06 12:10:30,1
2022-02-06 12:29:53,1
2022-02-06 12:29:57,1
2022-02-06 12:32:58,1
2022-02-06 12:47:55,1
2022-02-06 12:56:06,1
2022-02-06 13:05:40,1
2022-02-06 13:07:18,1
2022-02-06 13:07:38,1
2022-02-06 13:08:36,1
2022-02-06 14:24:20,1
2022-02-06 14:27:46,1
2022-02-06 14:37:02,1
2022-02-06 14:38:30,1
2022-02-06 16:32:51,1
2022-02-06 17:52:12,1
2022-02-06 18:11:16,1
2022-02-06 18:52:40,1
2022-02-06 19:03:19,1
2022-02-06 19:52:11,1
2022-02-06 20:08:59,1
2022-02-06 20:27:26,1
2022-02-06 21:43:35,1
2022-02-06 22:42:18,1
2022-02-07 00:41:58,1
2022-02-07 01:49:54,1
2022-02-07 04:54:03,1
2022-02-07 05:35:17,1
2022-02-07 07:05:41,1
2022-02-07 08:35:11,1
2022-02-07 08:48:53,1
2022-02-07 09:54:29,1
2022-02-07 10:14:28,1
2022-02-07 11:55:45,1
2022-02-07 13:10:32,1
2022-02-07 16:19:08,1
2022-02-07 17:38:12,1
2022-02-08 19:43:33,1
2022-02-08 20:00:50,1
2022-02-09 06:01:54,1
2022-02-09 07:49:58,1
2022-02-09 13:27:15,1
2022-02-09 21:10:34,1
2022-02-09 21:55:15,1
2022-02-10 00:38:00,1
2022-02-10 05:16:13,1
2022-02-10 06:48:38,1
2022-02-10 08:05:49,1
2022-02-10 13:59:45,1
2022-02-10 14:36:12,1
2022-02-10 18:17:27,1
2022-02-10 18:24:08,1
2022-02-10 23:06:37,1
2022-02-11 00:44:54,1
2022-02-11 11:21:18,1
2022-02-11 11:27:15,1
2022-02-11 12:29:00,1
2022-02-11 19:53:45,1
2022-02-11 20:21:00,1
2022-02-11 22:01:32,1
2022-02-12 00:31:17,1
2022-02-12 02:07:53,1
2022-02-12 08:47:15,1
2022-02-13 03:09:56,1
2022-02-13 06:49:11,1
2022-02-13 09:34:28,1
2022-02-13 10:40:59,1
2022-02-13 10:46:28,1
2022-02-13 10:58:34,1
2022-02-13 11:48:09,1
2022-02-13 15:50:02,1
2022-02-13 20:12:13,1
2022-02-13 21:43:36,1
2022-02-14 12:12:01,1
2022-02-14 22:01:48,1
2022-02-15 08:24:45,1
2022-02-15 10:51:11,1
2022-02-15 11:26:33,1
2022-02-15 19:20:30,1
2022-02-15 21:18:54,1
2022-02-15 22:03:04,1
2022-02-16 09:29:42,1
2022-02-16 09:33:42,1
2022-02-16 15:30:02,1
2022-02-16 16:19:01,1
2022-02-16 20:20:44,1
2022-02-16 22:45:11,1
2022-02-16 23:11:18,1
2022-02-17 05:23:20,1
2022-02-17 10:38:43,1
2022-02-17 15:37:08,1
2022-02-17 16:13:17,1
2022-02-18 02:42:38,1
2022-02-18 02:51:39,1
2022-02-18 08:37:26,1
2022-02-18 09:38:57,1
2022-02-18 10:21:32,1
2022-02-18 11:29:55,1
2022-02-18 23:16:09,1
2022-02-19 08:09:13,1
2022-02-19 08:53:41,1
2022-02-19 09:57:24,1
2022-02-19 10:19:44,1
2022-02-19 10:41:32,1
2022-02-19 10:58:13,1
2022-02-19 11:47:09,1
2022-02-19 11:50:19,1
2022-02-19 12:14:08,1
2022-02-19 18:15:26,1
2022-02-19 18:21:31,1
2022-02-19 18:30:47,1
2022-02-19 18:34:21,1
2022-02-19 18:41:32,1
2022-02-19 18:50:08,1
2022-02-19 18:50:22,1
2022-02-19 18:51:13,1
2022-02-19 18:52:28,1
2022-02-19 18:52:36,1
2022-02-19 18:53:15,1
2022-02-19 18:55:06,1
2022-02-19 19:02:45,1
2022-02-19 19:04:07,1
2022-02-19 19:06:00,1
2022-02-19 19:07:45,1
2022-02-19 19:13:06,1
2022-02-19 19:13:57,1
2022-02-19 19:15:54,1
2022-02-19 19:22:18,1
2022-02-19 19:22:32,1
2022-02-19 19:23:39,1
2022-02-19 19:25:00,1
2022-02-19 19:25:00,1
2022-02-19 19:35:36,1
2022-02-19 19:36:17,1
2022-02-19 19:38:26,1
2022-02-19 19:40:11,1
2022-02-19 19:44:04,1
2022-02-19 19:44:30,1
2022-02-19 19:47:02,1
2022-02-19 19:49:49,1
2022-02-19 19:58:47,1
2022-02-19 20:00:56,1
2022-02-19 20:14:07,1
2022-02-19 20:14:39,1
2022-02-19 20:16:30,1
2022-02-19 20:16:43,1
2022-02-19 20:17:53,1
2022-02-19 20:17:56,1
2022-02-19 20:22:32,1
2022-02-19 20:24:38,1
2022-02-19 20:26:21,1
2022-02-19 20:26:42,1
2022-02-19 20:33:04,1
2022-02-19 20:34:36,1
2022-02-19 20:41:00,1
2022-02-19 20:48:46,1
2022-02-19 20:53:45,1
2022-02-19 20:54:08,1
2022-02-19 20:54:11,1
2022-02-19 20:57:00,1
2022-02-19 21:07:51,1
2022-02-19 21:08:39,1
2022-02-19 21:27:47,1
2022-02-19 21:41:15,1
2022-02-19 21:59:58,1
2022-02-19 22:20:41,1
2022-02-19 22:35:53,1
2022-02-19 22:43:19,1
2022-02-19 22:44:11,1
2022-02-19 23:51:06,1
2022-02-20 00:05:58,1
2022-02-20 00:43:34,1
2022-02-20 00:45:52,1
2022-02-20 01:03:45,1
2022-02-20 02:56:28,1
2022-02-20 04:38:38,1
2022-02-20 07:17:55,1
2022-02-20 07:21:30,1
2022-02-20 07:46:40,1
2022-02-20 07:58:25,1
2022-02-20 08:31:21,1
2022-02-20 08:36:37,1
2022-02-20 08:41:04,1
2022-02-20 08:41:19,1
2022-02-20 08:46:28,1
2022-02-20 09:06:15,1
2022-02-20 09:15:19,1
2022-02-20 09:31:30,1
2022-02-20 09:41:36,1
2022-02-20 09:53:05,1
2022-02-20 09:55:26,1
2022-02-20 10:17:10,1
2022-02-20 11:19:10,1
2022-02-20 11:40:53,1
2022-02-20 11:57:57,1
2022-02-20 12:47:57,1
2022-02-20 13:00:40,1
2022-02-20 13:05:19,1
2022-02-20 13:35:07,1
2022-02-20 13:37:25,1
2022-02-20 13:43:23,1
2022-02-20 13:45:48,1
2022-02-20 13:59:01,1
2022-02-20 14:00:03,1
2022-02-20 14:31:55,1
2022-02-20 15:12:08,1
2022-02-20 15:28:52,1
2022-02-20 15:40:30,1
2022-02-20 16:04:35,1
2022-02-20 16:15:40,1
2022-02-20 16:20:12,1
2022-02-20 16:20:55,1
2022-02-20 16:38:12,1
2022-02-20 16:50:12,1
2022-02-20 16:59:14,1
2022-02-20 17:05:05,1
2022-02-20 17:20:12,1
2022-02-20 17:28:10,1
2022-02-20 17:32:22,1
2022-02-20 17:34:06,1
2022-02-20 17:39:12,1
2022-02-20 17:40:49,1
2022-02-20 17:50:01,1
2022-02-20 17:55:07,1
2022-02-20 17:58:19,1
2022-02-20 18:01:49,1
2022-02-20 18:03:47,1
2022-02-20 18:05:38,1
2022-02-20 18:06:27,1
2022-02-20 18:10:42,1
2022-02-20 18:16:16,1
2022-02-20 18:44:29,1
2022-02-20 18:45:34,1
2022-02-20 18:50:12,1
2022-02-20 18:52:27,1
2022-02-20 18:58:42,1
2022-02-20 19:00:08,1
2022-02-20 19:00:55,1
2022-02-20 19:08:55,1
2022-02-20 19:16:03,1
2022-02-20 19:20:24,1
2022-02-20 19:21:18,1
2022-02-20 19:23:41,1
2022-02-20 19:29:33,1
2022-02-20 19:31:57,1
2022-02-20 19:32:33,1
2022-02-20 19:34:44,1
2022-02-20 19:38:24,1
2022-02-20 19:38:35,1
2022-02-20 19:43:54,1
2022-02-20 19:57:59,1
2022-02-20 20:13:48,1
2022-02-20 20:19:56,1
2022-02-20 20:23:03,1
2022-02-20 20:31:54,1
2022-02-20 21:00:49,1
2022-02-20 21:02:01,1
2022-02-20 21:07:17,1
2022-02-20 21:08:41,1
2022-02-20 21:15:26,1
2022-02-20 21:16:33,1
2022-02-20 21:17:13,1
2022-02-20 21:17:50,1
2022-02-20 21:27:17,1
2022-02-20 21:30:12,1
2022-02-20 21:44:15,1
2022-02-20 21:46:11,1
2022-02-20 21:53:46,1
2022-02-20 21:53:58,1
2022-02-20 21:54:31,1
2022-02-20 22:01:18,1
2022-02-20 22:05:24,1
2022-02-20 22:07:14,1
2022-02-20 22:16:39,1
2022-02-20 22:25:09,1
2022-02-20 22:25:11,1
2022-02-20 22:26:37,1
2022-02-20 22:38:18,1
2022-02-20 22:40:12,1
2022-02-20 22:45:23,1
2022-02-20 22:47:33,1
2022-02-20 22:48:55,1
2022-02-20 22:51:05,1
2022-02-20 22:51:54,1
2022-02-20 22:58:12,1
2022-02-20 23:00:14,1
2022-02-20 23:09:40,1
2022-02-20 23:15:03,1
2022-02-20 23:17:58,1
2022-02-20 23:22:18,1
2022-02-20 23:33:35,1
2022-02-20 23:36:56,1
2022-02-20 23:50:59,1
2022-02-21 00:03:55,1
2022-02-21 00:18:35,1
2022-02-21 00:28:35,1
2022-02-21 00:39:39,1
2022-02-21 00:54:43,1
2022-02-21 00:55:24,1
2022-02-21 01:10:00,1
2022-02-21 01:47:54,1
2022-02-21 02:06:20,1
2022-02-21 02:19:13,1
2022-02-21 07:36:13,1
2022-02-21 07:39:34,1
2022-02-21 07:46:28,1
2022-02-21 07:52:19,1
2022-02-21 08:30:59,1
2022-02-21 09:13:36,1
2022-02-21 09:28:10,1
2022-02-21 09:44:26,1
2022-02-21 09:54:13,1
2022-02-21 09:55:50,1
2022-02-21 10:05:31,1
2022-02-21 10:22:43,1
2022-02-21 10:33:54,1
2022-02-21 10:44:58,1
2022-02-21 12:06:24,1
2022-02-21 12:17:35,1
2022-02-21 12:18:11,1
2022-02-21 12:26:24,1
2022-02-21 12:27:37,1
2022-02-21 12:34:04,1
2022-02-21 12:34:12,1
2022-02-21 12:38:06,1
2022-02-21 13:02:07,1
2022-02-21 13:18:07,1
2022-02-21 13:24:15,1
2022-02-21 14:10:55,1
2022-02-21 14:14:54,1
2022-02-21 14:29:43,1
2022-02-21 14:50:24,1
2022-02-21 15:14:07,1
2022-02-21 15:30:43,1
2022-02-21 15:56:54,1
2022-02-21 16:57:47,1
2022-02-21 17:43:39,1
2022-02-21 17:44:32,1
2022-02-21 18:01:21,1
2022-02-21 20:29:54,1
2022-02-21 20:45:38,1
2022-02-21 21:03:58,1
2022-02-21 21:14:22,1
2022-02-21 21:55:39,1
2022-02-21 22:04:19,1
2022-02-21 22:23:19,1
2022-02-22 01:27:11,1
2022-02-22 01:52:41,1
2022-02-22 07:44:51,1
2022-02-22 07:52:17,1
2022-02-22 08:58:10,1
2022-02-22 09:56:49,1
2022-02-22 10:56:29,1
2022-02-22 12:10:12,1
2022-02-22 15:11:18,1
2022-02-22 16:58:10,1
2022-02-22 17:42:57,1
2022-02-22 19:37:28,1
2022-02-22 20:15:55,1
2022-02-22 21:51:03,1
2022-02-22 21:53:52,1
2022-02-22 23:14:41,1
2022-02-22 23:42:57,1
2022-02-23 03:11:39,1
2022-02-23 05:16:05,1
2022-02-23 08:38:35,1
2022-02-23 11:03:45,1
2022-02-23 19:57:04,1
2022-02-24 10:32:26,1
2022-02-24 11:48:55,1
2022-02-24 12:32:59,1
2022-02-24 13:11:17,1
2022-02-24 16:17:01,1
2022-02-24 20:09:16,1
2022-02-24 20:58:44,1
2022-02-24 22:31:39,1
2022-02-25 02:04:41,1
2022-02-25 05:38:54,1
2022-02-25 05:58:15,1
2022-02-25 06:51:52,1
2022-02-25 09:23:07,1
2022-02-25 10:18:26,1
2022-02-25 10:33:24,1
2022-02-25 18:08:40,1
2022-02-25 19:35:18,1
2022-02-25 20:04:15,1
2022-02-25 20:05:56,1
2022-02-26 05:52:06,1
2022-02-26 07:43:06,1
2022-02-26 10:04:38,1
2022-02-26 14:25:19,1
2022-02-26 17:34:44,1
2022-02-26 18:33:10,1
2022-02-26 20:44:50,1
2022-02-27 03:46:26,1
2022-02-27 08:24:22,1
2022-02-27 12:06:20,1
2022-02-27 12:19:11,1
2022-02-27 14:07:17,1
2022-02-27 14:10:05,1
2022-02-27 15:10:40,1
2022-02-27 15:29:15,1
